<metadata xml:lang="it"><Esri><CreaDate>20210303</CreaDate><CreaTime>16335000</CreaTime><ArcGISFormat>1.0</ArcGISFormat><SyncOnce>FALSE</SyncOnce><DataProperties><lineage><Process ToolSource="c:\program files\arcgis\pro\Resources\ArcToolbox\Toolboxes\Data Management Tools.tbx\UpdateSchema" Date="20201215" Time="103151">UpdateSchema "CIMDATA=&lt;CIMStandardDataConnection xsi:type='typens:CIMStandardDataConnection' xmlns:xsi='http://www.w3.org/2001/XMLSchema-instance' xmlns:xs='http://www.w3.org/2001/XMLSchema' xmlns:typens='http://www.esri.com/schemas/ArcGIS/2.6.0'&gt;&lt;WorkspaceConnectionString&gt;DATABASE=K:\My Drive\PROGETTI\SURFACE_Project\SURE_DB\Docs_To_Share&lt;/WorkspaceConnectionString&gt;&lt;WorkspaceFactory&gt;Shapefile&lt;/WorkspaceFactory&gt;&lt;Dataset&gt;Segments_Others.shp&lt;/Dataset&gt;&lt;DatasetType&gt;esriDTAny&lt;/DatasetType&gt;&lt;/CIMStandardDataConnection&gt;" &lt;operationSequence&gt;&lt;workflow&gt;&lt;DeleteField&gt;&lt;field_name&gt;IdS&lt;/field_name&gt;&lt;/DeleteField&gt;&lt;/workflow&gt;&lt;workflow&gt;&lt;AddField&gt;&lt;field_name&gt;Comp_Rank&lt;/field_name&gt;&lt;field_type&gt;TEXT&lt;/field_type&gt;&lt;field_length&gt;3&lt;/field_length&gt;&lt;field_is_nullable&gt;False&lt;/field_is_nullable&gt;&lt;field_is_required&gt;False&lt;/field_is_required&gt;&lt;/AddField&gt;&lt;/workflow&gt;&lt;workflow&gt;&lt;AddField&gt;&lt;field_name&gt;hw_fw&lt;/field_name&gt;&lt;field_type&gt;TEXT&lt;/field_type&gt;&lt;field_length&gt;2&lt;/field_length&gt;&lt;field_is_nullable&gt;False&lt;/field_is_nullable&gt;&lt;field_is_required&gt;False&lt;/field_is_required&gt;&lt;/AddField&gt;&lt;/workflow&gt;&lt;workflow&gt;&lt;AddField&gt;&lt;field_name&gt;Length&lt;/field_name&gt;&lt;field_type&gt;FLOAT&lt;/field_type&gt;&lt;field_precision&gt;6&lt;/field_precision&gt;&lt;field_scale&gt;1&lt;/field_scale&gt;&lt;field_is_nullable&gt;False&lt;/field_is_nullable&gt;&lt;field_is_required&gt;False&lt;/field_is_required&gt;&lt;/AddField&gt;&lt;/workflow&gt;&lt;/operationSequence&gt;</Process><Process ToolSource="c:\program files\arcgis\pro\Resources\ArcToolbox\toolboxes\Data Management Tools.tbx\CalculateField" Date="20201215" Time="103446">CalculateField Segments_Others Comp_Rank 3 "Python 3" # Text</Process><Process ToolSource="c:\program files\arcgis\pro\Resources\ArcToolbox\toolboxes\Data Management Tools.tbx\CalculateField" Date="20201215" Time="103452">CalculateField Segments_Others Comp_Rank 3 "Python 3" # Text</Process><Process ToolSource="c:\program files\arcgis\pro\Resources\ArcToolbox\toolboxes\Data Management Tools.tbx\CalculateField" Date="20201215" Time="104438">CalculateField Segments_Others Comp_Rank 3 "Python 3" # Text</Process><Process ToolSource="c:\program files\arcgis\pro\Resources\ArcToolbox\toolboxes\Data Management Tools.tbx\CalculateField" Date="20201215" Time="104526">CalculateField Segments_Others Comp_Rank 1 "Python 3" # Text</Process><Process ToolSource="c:\program files\arcgis\pro\Resources\ArcToolbox\toolboxes\Data Management Tools.tbx\CalculateField" Date="20201215" Time="104533">CalculateField Segments_Others Comp_Rank 1 "Python 3" # Text</Process><Process ToolSource="c:\program files\arcgis\pro\Resources\ArcToolbox\toolboxes\Data Management Tools.tbx\CalculateField" Date="20201215" Time="110359">CalculateField Segments_Others Comp_Rank 2 "Python 3" # Text</Process><Process ToolSource="c:\program files\arcgis\pro\Resources\ArcToolbox\toolboxes\Data Management Tools.tbx\CalculateField" Date="20201215" Time="110422">CalculateField Segments_Others Comp_Rank 2 "Python 3" # Text</Process><Process ToolSource="c:\program files\arcgis\pro\Resources\ArcToolbox\toolboxes\Data Management Tools.tbx\CalculateField" Date="20201215" Time="110512">CalculateField Segments_Others Comp_Rank 1 "Python 3" # Text</Process><Process ToolSource="c:\program files\arcgis\pro\Resources\ArcToolbox\toolboxes\Data Management Tools.tbx\CalculateField" Date="20201215" Time="110602">CalculateField Segments_Others Comp_Rank 2 "Python 3" # Text</Process><Process ToolSource="c:\program files\arcgis\pro\Resources\ArcToolbox\toolboxes\Data Management Tools.tbx\CalculateField" Date="20201215" Time="110635">CalculateField Segments_Others Comp_Rank 1 "Python 3" # Text</Process><Process ToolSource="c:\program files\arcgis\pro\Resources\ArcToolbox\toolboxes\Data Management Tools.tbx\CalculateField" Date="20201215" Time="110908">CalculateField Segments_Others Comp_Rank 3 "Python 3" # Text</Process><Process ToolSource="c:\program files\arcgis\pro\Resources\ArcToolbox\toolboxes\Data Management Tools.tbx\CalculateField" Date="20201215" Time="110952">CalculateField Segments_Others Comp_Rank 3 "Python 3" # Text</Process><Process ToolSource="c:\program files\arcgis\pro\Resources\ArcToolbox\toolboxes\Data Management Tools.tbx\CalculateField" Date="20201215" Time="111031">CalculateField Segments_Others Comp_Rank 3 "Python 3" # Text</Process><Process ToolSource="c:\program files\arcgis\pro\Resources\ArcToolbox\toolboxes\Data Management Tools.tbx\CalculateField" Date="20201215" Time="111105">CalculateField Segments_Others Comp_Rank 3 "Python 3" # Text</Process><Process ToolSource="c:\program files\arcgis\pro\Resources\ArcToolbox\toolboxes\Data Management Tools.tbx\CalculateField" Date="20201215" Time="111142">CalculateField Segments_Others Comp_Rank 3 "Python 3" # Text</Process><Process ToolSource="c:\program files\arcgis\pro\Resources\ArcToolbox\toolboxes\Data Management Tools.tbx\CalculateField" Date="20201215" Time="111150">CalculateField Segments_Others Comp_Rank 3 "Python 3" # Text</Process><Process ToolSource="c:\program files\arcgis\pro\Resources\ArcToolbox\toolboxes\Data Management Tools.tbx\CalculateField" Date="20201215" Time="111207">CalculateField Segments_Others Comp_Rank 2 "Python 3" # Text</Process><Process ToolSource="c:\program files\arcgis\pro\Resources\ArcToolbox\toolboxes\Data Management Tools.tbx\CalculateField" Date="20201215" Time="111312">CalculateField Segments_Others Comp_Rank 1 "Python 3" # Text</Process><Process ToolSource="c:\program files\arcgis\pro\Resources\ArcToolbox\toolboxes\Data Management Tools.tbx\CalculateField" Date="20201215" Time="111319">CalculateField Segments_Others Comp_Rank 2 "Python 3" # Text</Process><Process ToolSource="c:\program files\arcgis\pro\Resources\ArcToolbox\toolboxes\Data Management Tools.tbx\CalculateField" Date="20201215" Time="111336">CalculateField Segments_Others Comp_Rank 1 "Python 3" # Text</Process><Process ToolSource="c:\program files\arcgis\pro\Resources\ArcToolbox\toolboxes\Data Management Tools.tbx\CalculateField" Date="20201215" Time="111344">CalculateField Segments_Others Comp_Rank 3 "Python 3" # Text</Process><Process ToolSource="c:\program files\arcgis\pro\Resources\ArcToolbox\toolboxes\Data Management Tools.tbx\CalculateField" Date="20201215" Time="111400">CalculateField Segments_Others Comp_Rank 1 "Python 3" # Text</Process><Process ToolSource="c:\program files\arcgis\pro\Resources\ArcToolbox\toolboxes\Data Management Tools.tbx\CalculateField" Date="20201215" Time="111413">CalculateField Segments_Others Comp_Rank 2 "Python 3" # Text</Process><Process ToolSource="c:\program files\arcgis\pro\Resources\ArcToolbox\toolboxes\Data Management Tools.tbx\CalculateField" Date="20201215" Time="112518">CalculateField Mammoth_Lake_19800525_FC_RC IdE 19800525 "Python 3" # Text</Process><Process ToolSource="c:\program files\arcgis\pro\Resources\ArcToolbox\toolboxes\Conversion Tools.tbx\FeatureClassToFeatureClass" Date="20201215" Time="114446">FeatureClassToFeatureClass "Segments_Others selection" "K:\My Drive\PROGETTI\SURFACE_Project\SURE_DB\FIIA_09_2020\Sonora" Sonora_18870503_FRC_RC_lines.shp # "IdE "IdE" true true false 9 Long 0 9,First,#,Segments_Others selection,IdE,-1,-1;Comp_Rank "Comp_Rank" true true false 3 Text 0 0,First,#,Segments_Others selection,Comp_Rank,0,3;hw_fw "hw_fw" true true false 2 Text 0 0,First,#,Segments_Others selection,hw_fw,0,2;Length "Length" true true false 7 Float 1 6,First,#,Segments_Others selection,Length,-1,-1" #</Process><Process ToolSource="c:\program files\arcgis\pro\Resources\ArcToolbox\toolboxes\Data Management Tools.tbx\CalculateField" Date="20201215" Time="114740">CalculateField Sonora_18870503_FRC_RC_lines Comp_Rank 2 "Python 3" # Text</Process><Process ToolSource="c:\program files\arcgis\pro\Resources\ArcToolbox\toolboxes\Data Management Tools.tbx\CalculateField" Date="20201215" Time="114746">CalculateField Sonora_18870503_FRC_RC_lines Comp_Rank 3 "Python 3" # Text</Process><Process ToolSource="c:\program files\arcgis\pro\Resources\ArcToolbox\toolboxes\Data Management Tools.tbx\CalculateField" Date="20201215" Time="114809">CalculateField Sonora_18870503_FRC_RC_lines Comp_Rank 1 "Python 3" # Text</Process><Process ToolSource="c:\program files\arcgis\pro\Resources\ArcToolbox\toolboxes\Data Management Tools.tbx\CalculateField" Date="20201215" Time="114817">CalculateField Sonora_18870503_FRC_RC_lines Comp_Rank 2 "Python 3" # Text</Process><Process ToolSource="c:\program files\arcgis\pro\Resources\ArcToolbox\toolboxes\Data Management Tools.tbx\CalculateField" Date="20201215" Time="114830">CalculateField Sonora_18870503_FRC_RC_lines Comp_Rank 1.5 "Python 3" # Text</Process><Process ToolSource="c:\program files\arcgis\pro\Resources\ArcToolbox\toolboxes\Data Management Tools.tbx\CalculateField" Date="20201215" Time="114846">CalculateField Sonora_18870503_FRC_RC_lines Comp_Rank 2 "Python 3" # Text</Process><Process ToolSource="c:\program files\arcgis\pro\Resources\ArcToolbox\toolboxes\Data Management Tools.tbx\CalculateField" Date="20201215" Time="114917">CalculateField Sonora_18870503_FRC_RC_lines Comp_Rank 1.5 "Python 3" # Text</Process><Process ToolSource="c:\program files\arcgis\pro\Resources\ArcToolbox\toolboxes\Data Management Tools.tbx\CalculateField" Date="20201215" Time="114937">CalculateField Sonora_18870503_FRC_RC_lines Comp_Rank 2 "Python 3" # Text</Process><Process ToolSource="c:\program files\arcgis\pro\Resources\ArcToolbox\toolboxes\Data Management Tools.tbx\CalculateField" Date="20201215" Time="115001">CalculateField Sonora_18870503_FRC_RC_lines Comp_Rank 1.5 "Python 3" # Text</Process><Process ToolSource="c:\program files\arcgis\pro\Resources\ArcToolbox\toolboxes\Data Management Tools.tbx\CalculateField" Date="20201215" Time="115015">CalculateField Sonora_18870503_FRC_RC_lines Comp_Rank 1.5 "Python 3" # Text</Process><Process ToolSource="c:\program files\arcgis\pro\Resources\ArcToolbox\toolboxes\Data Management Tools.tbx\CalculateField" Date="20201215" Time="115151">CalculateField Sonora_18870503_FRC_RC_lines Comp_Rank 1.5 "Python 3" # Text</Process><Process ToolSource="c:\program files\arcgis\pro\Resources\ArcToolbox\toolboxes\Data Management Tools.tbx\CalculateField" Date="20201215" Time="115234">CalculateField Sonora_18870503_FRC_RC_lines Comp_Rank 2 "Python 3" # Text</Process><Process ToolSource="c:\program files\arcgis\pro\Resources\ArcToolbox\toolboxes\Data Management Tools.tbx\CalculateField" Date="20201215" Time="115249">CalculateField Sonora_18870503_FRC_RC_lines Comp_Rank 1 "Python 3" # Text</Process><Process ToolSource="c:\program files\arcgis\pro\Resources\ArcToolbox\toolboxes\Data Management Tools.tbx\CalculateField" Date="20201215" Time="115257">CalculateField Sonora_18870503_FRC_RC_lines Comp_Rank 2 "Python 3" # Text</Process><Process ToolSource="c:\program files\arcgis\pro\Resources\ArcToolbox\toolboxes\Data Management Tools.tbx\CalculateField" Date="20201215" Time="115302">CalculateField Sonora_18870503_FRC_RC_lines Comp_Rank 2 "Python 3" # Text</Process><Process ToolSource="c:\program files\arcgis\pro\Resources\ArcToolbox\toolboxes\Data Management Tools.tbx\CalculateField" Date="20201215" Time="115347">CalculateField Sonora_18870503_FRC_RC_lines Comp_Rank 1 "Python 3" # Text</Process><Process ToolSource="c:\program files\arcgis\pro\Resources\ArcToolbox\toolboxes\Data Management Tools.tbx\CalculateField" Date="20201215" Time="115351">CalculateField Sonora_18870503_FRC_RC_lines Comp_Rank 1 "Python 3" # Text</Process><Process ToolSource="c:\program files\arcgis\pro\Resources\ArcToolbox\toolboxes\Data Management Tools.tbx\CalculateField" Date="20201215" Time="115400">CalculateField Sonora_18870503_FRC_RC_lines Comp_Rank 2 "Python 3" # Text</Process><Process ToolSource="c:\program files\arcgis\pro\Resources\ArcToolbox\toolboxes\Data Management Tools.tbx\CalculateField" Date="20201215" Time="115425">CalculateField Sonora_18870503_FRC_RC_lines Comp_Rank 1 "Python 3" # Text</Process><Process ToolSource="c:\program files\arcgis\pro\Resources\ArcToolbox\toolboxes\Data Management Tools.tbx\CalculateField" Date="20201215" Time="115440">CalculateField Sonora_18870503_FRC_RC_lines Comp_Rank 2 "Python 3" # Text</Process><Process ToolSource="c:\program files\arcgis\pro\Resources\ArcToolbox\toolboxes\Data Management Tools.tbx\CalculateField" Date="20201215" Time="115503">CalculateField Sonora_18870503_FRC_RC_lines Comp_Rank 2 "Python 3" # Text</Process><Process ToolSource="c:\program files\arcgis\pro\Resources\ArcToolbox\toolboxes\Data Management Tools.tbx\CalculateField" Date="20201215" Time="115519">CalculateField Sonora_18870503_FRC_RC_lines Comp_Rank 1 "Python 3" # Text</Process><Process ToolSource="c:\program files\arcgis\pro\Resources\ArcToolbox\toolboxes\Data Management Tools.tbx\CalculateField" Date="20201215" Time="115547">CalculateField Sonora_18870503_FRC_RC_lines Comp_Rank 2 "Python 3" # Text</Process><Process ToolSource="c:\program files\arcgis\pro\Resources\ArcToolbox\toolboxes\Data Management Tools.tbx\CalculateField" Date="20201215" Time="115614">CalculateField Sonora_18870503_FRC_RC_lines Comp_Rank 1 "Python 3" # Text</Process><Process ToolSource="c:\program files\arcgis\pro\Resources\ArcToolbox\toolboxes\Data Management Tools.tbx\CalculateField" Date="20201215" Time="115712">CalculateField Sonora_18870503_FRC_RC_lines Comp_Rank 3 "Python 3" # Text</Process><Process ToolSource="c:\program files\arcgis\pro\Resources\ArcToolbox\Toolboxes\Data Management Tools.tbx\UpdateSchema" Date="20210303" Time="151959">UpdateSchema "CIMDATA=&lt;CIMStandardDataConnection xsi:type='typens:CIMStandardDataConnection' xmlns:xsi='http://www.w3.org/2001/XMLSchema-instance' xmlns:xs='http://www.w3.org/2001/XMLSchema' xmlns:typens='http://www.esri.com/schemas/ArcGIS/2.7.0'&gt;&lt;WorkspaceConnectionString&gt;DATABASE=K:\My Drive\PROGETTI\SURFACE_Project\SURE_2.0\Shapefiles_2.0\Sonora&lt;/WorkspaceConnectionString&gt;&lt;WorkspaceFactory&gt;Shapefile&lt;/WorkspaceFactory&gt;&lt;Dataset&gt;Sonora_18870503_FRC_RC_lines.shp&lt;/Dataset&gt;&lt;DatasetType&gt;esriDTFeatureClass&lt;/DatasetType&gt;&lt;/CIMStandardDataConnection&gt;" &lt;operationSequence&gt;&lt;workflow&gt;&lt;AddField&gt;&lt;field_name&gt;IdE_IdS&lt;/field_name&gt;&lt;field_type&gt;TEXT&lt;/field_type&gt;&lt;field_length&gt;255&lt;/field_length&gt;&lt;field_is_nullable&gt;False&lt;/field_is_nullable&gt;&lt;field_is_required&gt;False&lt;/field_is_required&gt;&lt;/AddField&gt;&lt;/workflow&gt;&lt;workflow&gt;&lt;AddField&gt;&lt;field_name&gt;IdS&lt;/field_name&gt;&lt;field_type&gt;LONG&lt;/field_type&gt;&lt;field_is_nullable&gt;False&lt;/field_is_nullable&gt;&lt;field_is_required&gt;False&lt;/field_is_required&gt;&lt;/AddField&gt;&lt;/workflow&gt;&lt;workflow&gt;&lt;AddField&gt;&lt;field_name&gt;F_section&lt;/field_name&gt;&lt;field_type&gt;TEXT&lt;/field_type&gt;&lt;field_length&gt;255&lt;/field_length&gt;&lt;field_is_nullable&gt;False&lt;/field_is_nullable&gt;&lt;field_is_required&gt;False&lt;/field_is_required&gt;&lt;/AddField&gt;&lt;/workflow&gt;&lt;workflow&gt;&lt;AddField&gt;&lt;field_name&gt;Strike&lt;/field_name&gt;&lt;field_type&gt;LONG&lt;/field_type&gt;&lt;field_is_nullable&gt;False&lt;/field_is_nullable&gt;&lt;field_is_required&gt;False&lt;/field_is_required&gt;&lt;/AddField&gt;&lt;/workflow&gt;&lt;workflow&gt;&lt;AddField&gt;&lt;field_name&gt;Dip&lt;/field_name&gt;&lt;field_type&gt;LONG&lt;/field_type&gt;&lt;field_is_nullable&gt;False&lt;/field_is_nullable&gt;&lt;field_is_required&gt;False&lt;/field_is_required&gt;&lt;/AddField&gt;&lt;/workflow&gt;&lt;workflow&gt;&lt;AddField&gt;&lt;field_name&gt;Cover_bed&lt;/field_name&gt;&lt;field_type&gt;TEXT&lt;/field_type&gt;&lt;field_length&gt;255&lt;/field_length&gt;&lt;field_is_nullable&gt;False&lt;/field_is_nullable&gt;&lt;field_is_required&gt;False&lt;/field_is_required&gt;&lt;/AddField&gt;&lt;/workflow&gt;&lt;workflow&gt;&lt;AddField&gt;&lt;field_name&gt;F_complex&lt;/field_name&gt;&lt;field_type&gt;TEXT&lt;/field_type&gt;&lt;field_length&gt;255&lt;/field_length&gt;&lt;field_is_nullable&gt;False&lt;/field_is_nullable&gt;&lt;field_is_required&gt;False&lt;/field_is_required&gt;&lt;/AddField&gt;&lt;/workflow&gt;&lt;workflow&gt;&lt;AddField&gt;&lt;field_name&gt;Paleoeqs&lt;/field_name&gt;&lt;field_type&gt;TEXT&lt;/field_type&gt;&lt;field_length&gt;255&lt;/field_length&gt;&lt;field_is_nullable&gt;False&lt;/field_is_nullable&gt;&lt;field_is_required&gt;False&lt;/field_is_required&gt;&lt;/AddField&gt;&lt;/workflow&gt;&lt;/operationSequence&gt;</Process><Process ToolSource="c:\program files\arcgis\pro\Resources\ArcToolbox\Toolboxes\Data Management Tools.tbx\UpdateSchema" Date="20210303" Time="152336">UpdateSchema "CIMDATA=&lt;CIMStandardDataConnection xsi:type='typens:CIMStandardDataConnection' xmlns:xsi='http://www.w3.org/2001/XMLSchema-instance' xmlns:xs='http://www.w3.org/2001/XMLSchema' xmlns:typens='http://www.esri.com/schemas/ArcGIS/2.7.0'&gt;&lt;WorkspaceConnectionString&gt;DATABASE=K:\My Drive\PROGETTI\SURFACE_Project\SURE_2.0\Shapefiles_2.0\Sonora&lt;/WorkspaceConnectionString&gt;&lt;WorkspaceFactory&gt;Shapefile&lt;/WorkspaceFactory&gt;&lt;Dataset&gt;Sonora_18870503_FRC_RC_lines.shp&lt;/Dataset&gt;&lt;DatasetType&gt;esriDTFeatureClass&lt;/DatasetType&gt;&lt;/CIMStandardDataConnection&gt;" &lt;operationSequence&gt;&lt;workflow&gt;&lt;AddField&gt;&lt;field_name&gt;Slip_rate&lt;/field_name&gt;&lt;field_type&gt;TEXT&lt;/field_type&gt;&lt;field_length&gt;255&lt;/field_length&gt;&lt;field_is_nullable&gt;False&lt;/field_is_nullable&gt;&lt;field_is_required&gt;False&lt;/field_is_required&gt;&lt;/AddField&gt;&lt;/workflow&gt;&lt;workflow&gt;&lt;AddField&gt;&lt;field_name&gt;References&lt;/field_name&gt;&lt;field_type&gt;TEXT&lt;/field_type&gt;&lt;field_length&gt;255&lt;/field_length&gt;&lt;field_is_nullable&gt;False&lt;/field_is_nullable&gt;&lt;field_is_required&gt;False&lt;/field_is_required&gt;&lt;/AddField&gt;&lt;/workflow&gt;&lt;workflow&gt;&lt;AddField&gt;&lt;field_name&gt;Geom_rev&lt;/field_name&gt;&lt;field_type&gt;LONG&lt;/field_type&gt;&lt;field_is_nullable&gt;False&lt;/field_is_nullable&gt;&lt;field_is_required&gt;False&lt;/field_is_required&gt;&lt;/AddField&gt;&lt;/workflow&gt;&lt;workflow&gt;&lt;AddField&gt;&lt;field_name&gt;Comp_rank_&lt;/field_name&gt;&lt;field_type&gt;LONG&lt;/field_type&gt;&lt;field_is_nullable&gt;False&lt;/field_is_nullable&gt;&lt;field_is_required&gt;False&lt;/field_is_required&gt;&lt;/AddField&gt;&lt;/workflow&gt;&lt;workflow&gt;&lt;AddField&gt;&lt;field_name&gt;Auth_rank&lt;/field_name&gt;&lt;field_type&gt;LONG&lt;/field_type&gt;&lt;field_is_nullable&gt;False&lt;/field_is_nullable&gt;&lt;field_is_required&gt;False&lt;/field_is_required&gt;&lt;/AddField&gt;&lt;/workflow&gt;&lt;/operationSequence&gt;</Process><Process ToolSource="c:\program files\arcgis\pro\Resources\ArcToolbox\toolboxes\Data Management Tools.tbx\CalculateField" Date="20210303" Time="152529">CalculateField Sonora_18870503_FRC_RC_lines Comp_rank_ !Comp_Rank! "Python 3" # Text</Process><Process ToolSource="c:\program files\arcgis\pro\Resources\ArcToolbox\toolboxes\Data Management Tools.tbx\DeleteField" Date="20210303" Time="152729">DeleteField Sonora_18870503_FRC_RC_lines Comp_Rank</Process><Process ToolSource="c:\program files\arcgis\pro\Resources\ArcToolbox\toolboxes\Data Management Tools.tbx\UpdateSchema" Date="20210303" Time="152842">UpdateSchema "CIMDATA=&lt;CIMStandardDataConnection xsi:type='typens:CIMStandardDataConnection' xmlns:xsi='http://www.w3.org/2001/XMLSchema-instance' xmlns:xs='http://www.w3.org/2001/XMLSchema' xmlns:typens='http://www.esri.com/schemas/ArcGIS/2.7.0'&gt;&lt;WorkspaceConnectionString&gt;DATABASE=K:\My Drive\PROGETTI\SURFACE_Project\SURE_2.0\Shapefiles_2.0\Sonora&lt;/WorkspaceConnectionString&gt;&lt;WorkspaceFactory&gt;Shapefile&lt;/WorkspaceFactory&gt;&lt;Dataset&gt;Sonora_18870503_FRC_RC_lines.shp&lt;/Dataset&gt;&lt;DatasetType&gt;esriDTFeatureClass&lt;/DatasetType&gt;&lt;/CIMStandardDataConnection&gt;" &lt;operationSequence&gt;&lt;workflow&gt;&lt;AddField&gt;&lt;field_name&gt;Comp_rank&lt;/field_name&gt;&lt;field_type&gt;LONG&lt;/field_type&gt;&lt;field_is_nullable&gt;False&lt;/field_is_nullable&gt;&lt;field_is_required&gt;False&lt;/field_is_required&gt;&lt;/AddField&gt;&lt;/workflow&gt;&lt;/operationSequence&gt;</Process><Process ToolSource="c:\program files\arcgis\pro\Resources\ArcToolbox\toolboxes\Data Management Tools.tbx\CalculateField" Date="20210303" Time="152914">CalculateField Sonora_18870503_FRC_RC_lines Comp_rank !Comp_rank_! "Python 3" # Text</Process><Process ToolSource="c:\program files\arcgis\pro\Resources\ArcToolbox\toolboxes\Data Management Tools.tbx\UpdateSchema" Date="20210303" Time="152942">UpdateSchema "CIMDATA=&lt;CIMStandardDataConnection xsi:type='typens:CIMStandardDataConnection' xmlns:xsi='http://www.w3.org/2001/XMLSchema-instance' xmlns:xs='http://www.w3.org/2001/XMLSchema' xmlns:typens='http://www.esri.com/schemas/ArcGIS/2.7.0'&gt;&lt;WorkspaceConnectionString&gt;DATABASE=K:\My Drive\PROGETTI\SURFACE_Project\SURE_2.0\Shapefiles_2.0\Sonora&lt;/WorkspaceConnectionString&gt;&lt;WorkspaceFactory&gt;Shapefile&lt;/WorkspaceFactory&gt;&lt;Dataset&gt;Sonora_18870503_FRC_RC_lines.shp&lt;/Dataset&gt;&lt;DatasetType&gt;esriDTFeatureClass&lt;/DatasetType&gt;&lt;/CIMStandardDataConnection&gt;" &lt;operationSequence&gt;&lt;workflow&gt;&lt;DeleteField&gt;&lt;field_name&gt;Comp_rank_&lt;/field_name&gt;&lt;/DeleteField&gt;&lt;/workflow&gt;&lt;/operationSequence&gt;</Process><Process ToolSource="c:\program files\arcgis\pro\Resources\ArcToolbox\toolboxes\Data Management Tools.tbx\UpdateSchema" Date="20210303" Time="153627">UpdateSchema "CIMDATA=&lt;CIMStandardDataConnection xsi:type='typens:CIMStandardDataConnection' xmlns:xsi='http://www.w3.org/2001/XMLSchema-instance' xmlns:xs='http://www.w3.org/2001/XMLSchema' xmlns:typens='http://www.esri.com/schemas/ArcGIS/2.7.0'&gt;&lt;WorkspaceConnectionString&gt;DATABASE=K:\My Drive\PROGETTI\SURFACE_Project\SURE_2.0\Shapefiles_2.0\Sonora&lt;/WorkspaceConnectionString&gt;&lt;WorkspaceFactory&gt;Shapefile&lt;/WorkspaceFactory&gt;&lt;Dataset&gt;Sonora_18870503_FRC_RC_lines.shp&lt;/Dataset&gt;&lt;DatasetType&gt;esriDTFeatureClass&lt;/DatasetType&gt;&lt;/CIMStandardDataConnection&gt;" &lt;operationSequence&gt;&lt;workflow&gt;&lt;AddField&gt;&lt;field_name&gt;Comp_rank_&lt;/field_name&gt;&lt;field_type&gt;FLOAT&lt;/field_type&gt;&lt;field_is_nullable&gt;False&lt;/field_is_nullable&gt;&lt;field_is_required&gt;False&lt;/field_is_required&gt;&lt;/AddField&gt;&lt;/workflow&gt;&lt;/operationSequence&gt;</Process><Process ToolSource="c:\program files\arcgis\pro\Resources\ArcToolbox\toolboxes\Data Management Tools.tbx\CalculateField" Date="20210303" Time="153726">CalculateField Sonora_18870503_FRC_RC_lines Comp_rank_ !Comp_rank! "Python 3" # Text</Process><Process ToolSource="c:\program files\arcgis\pro\Resources\ArcToolbox\toolboxes\Data Management Tools.tbx\DeleteField" Date="20210303" Time="153838">DeleteField Sonora_18870503_FRC_RC_lines Comp_rank</Process><Process ToolSource="c:\program files\arcgis\pro\Resources\ArcToolbox\toolboxes\Data Management Tools.tbx\UpdateSchema" Date="20210303" Time="153908">UpdateSchema "CIMDATA=&lt;CIMStandardDataConnection xsi:type='typens:CIMStandardDataConnection' xmlns:xsi='http://www.w3.org/2001/XMLSchema-instance' xmlns:xs='http://www.w3.org/2001/XMLSchema' xmlns:typens='http://www.esri.com/schemas/ArcGIS/2.7.0'&gt;&lt;WorkspaceConnectionString&gt;DATABASE=K:\My Drive\PROGETTI\SURFACE_Project\SURE_2.0\Shapefiles_2.0\Sonora&lt;/WorkspaceConnectionString&gt;&lt;WorkspaceFactory&gt;Shapefile&lt;/WorkspaceFactory&gt;&lt;Dataset&gt;Sonora_18870503_FRC_RC_lines.shp&lt;/Dataset&gt;&lt;DatasetType&gt;esriDTFeatureClass&lt;/DatasetType&gt;&lt;/CIMStandardDataConnection&gt;" &lt;operationSequence&gt;&lt;workflow&gt;&lt;AddField&gt;&lt;field_name&gt;Comp_rank&lt;/field_name&gt;&lt;field_type&gt;FLOAT&lt;/field_type&gt;&lt;field_is_nullable&gt;False&lt;/field_is_nullable&gt;&lt;field_is_required&gt;False&lt;/field_is_required&gt;&lt;/AddField&gt;&lt;/workflow&gt;&lt;/operationSequence&gt;</Process><Process ToolSource="c:\program files\arcgis\pro\Resources\ArcToolbox\toolboxes\Data Management Tools.tbx\CalculateField" Date="20210303" Time="153945">CalculateField Sonora_18870503_FRC_RC_lines Comp_rank !Comp_rank_! "Python 3" # Text</Process><Process ToolSource="c:\program files\arcgis\pro\Resources\ArcToolbox\toolboxes\Data Management Tools.tbx\DeleteField" Date="20210303" Time="154409">DeleteField Sonora_18870503_FRC_RC_lines Comp_rank_</Process><Process ToolSource="c:\program files\arcgis\pro\Resources\ArcToolbox\toolboxes\Data Management Tools.tbx\CalculateField" Date="20210303" Time="154652">CalculateField Sonora_18870503_FRC_RC_lines IdS SequentialNumber() "Python 3" "# Calculates a sequential number
# More calculator examples at esriurl.com/CalculatorExamples
rec=0
def SequentialNumber():
    global rec
    pStart = 1
    pInterval = 1
    if (rec == 0):
        rec = pStart
    else:
        rec = rec + pInterval
    return rec" Text</Process><Process ToolSource="c:\program files\arcgis\pro\Resources\ArcToolbox\toolboxes\Data Management Tools.tbx\CalculateField" Date="20210303" Time="154832">CalculateField Sonora_18870503_FRC_RC_lines IdE_IdS "!IdE! + !IdS!" "Python 3" # Text</Process><Process ToolSource="c:\program files\arcgis\pro\Resources\ArcToolbox\toolboxes\Data Management Tools.tbx\UpdateSchema" Date="20210303" Time="155237">UpdateSchema "CIMDATA=&lt;CIMStandardDataConnection xsi:type='typens:CIMStandardDataConnection' xmlns:xsi='http://www.w3.org/2001/XMLSchema-instance' xmlns:xs='http://www.w3.org/2001/XMLSchema' xmlns:typens='http://www.esri.com/schemas/ArcGIS/2.7.0'&gt;&lt;WorkspaceConnectionString&gt;DATABASE=K:\My Drive\PROGETTI\SURFACE_Project\SURE_2.0\Shapefiles_2.0\Sonora&lt;/WorkspaceConnectionString&gt;&lt;WorkspaceFactory&gt;Shapefile&lt;/WorkspaceFactory&gt;&lt;Dataset&gt;Sonora_18870503_FRC_RC_lines.shp&lt;/Dataset&gt;&lt;DatasetType&gt;esriDTFeatureClass&lt;/DatasetType&gt;&lt;/CIMStandardDataConnection&gt;" &lt;operationSequence&gt;&lt;workflow&gt;&lt;AddField&gt;&lt;field_name&gt;IDS_&lt;/field_name&gt;&lt;field_type&gt;TEXT&lt;/field_type&gt;&lt;field_length&gt;255&lt;/field_length&gt;&lt;field_is_nullable&gt;False&lt;/field_is_nullable&gt;&lt;field_is_required&gt;False&lt;/field_is_required&gt;&lt;/AddField&gt;&lt;/workflow&gt;&lt;/operationSequence&gt;</Process><Process ToolSource="c:\program files\arcgis\pro\Resources\ArcToolbox\toolboxes\Data Management Tools.tbx\CalculateField" Date="20210303" Time="155255">CalculateField Sonora_18870503_FRC_RC_lines IDS_ !IdS! "Python 3" # Text</Process><Process ToolSource="c:\program files\arcgis\pro\Resources\ArcToolbox\toolboxes\Data Management Tools.tbx\CalculateField" Date="20210303" Time="155615">CalculateField Sonora_18870503_FRC_RC_lines IdE_IdS 18870503 "Python 3" # Text</Process><Process ToolSource="c:\program files\arcgis\pro\Resources\ArcToolbox\toolboxes\Data Management Tools.tbx\CalculateField" Date="20210303" Time="155701">CalculateField Sonora_18870503_FRC_RC_lines IdE_IdS "!IdE_IdS! + "_"" "Python 3" # Text</Process><Process ToolSource="c:\program files\arcgis\pro\Resources\ArcToolbox\toolboxes\Data Management Tools.tbx\CalculateField" Date="20210303" Time="155735">CalculateField Sonora_18870503_FRC_RC_lines IdE_IdS "!IdE_IdS! + "_"  + !IDS_!" "Python 3" # Text</Process><Process ToolSource="c:\program files\arcgis\pro\Resources\ArcToolbox\toolboxes\Data Management Tools.tbx\CalculateGeometryAttributes" Date="20210303" Time="160503">CalculateGeometryAttributes Sonora_18870503_FRC_RC_lines "Length LENGTH_GEODESIC" Meters # GEOGCS['GCS_WGS_1984',DATUM['D_WGS_1984',SPHEROID['WGS_1984',6378137.0,298.257223563]],PRIMEM['Greenwich',0.0],UNIT['Degree',0.0174532925199433]] "Same as input"</Process><Process ToolSource="c:\program files\arcgis\pro\Resources\ArcToolbox\toolboxes\Data Management Tools.tbx\CalculateField" Date="20210303" Time="160807">CalculateField Sonora_18870503_FRC_RC_lines References "Suter 2015" "Python 3" # Text</Process><Process ToolSource="c:\program files\arcgis\pro\Resources\ArcToolbox\toolboxes\Data Management Tools.tbx\CalculateField" Date="20210303" Time="160859">CalculateField Sonora_18870503_FRC_RC_lines References "Suter 2015" "Python 3" # Text</Process><Process ToolSource="c:\program files\arcgis\pro\Resources\ArcToolbox\toolboxes\Data Management Tools.tbx\DeleteField" Date="20210303" Time="160919">DeleteField Sonora_18870503_FRC_RC_lines IDS_</Process><Process ToolSource="c:\program files\arcgis\pro\Resources\ArcToolbox\toolboxes\Data Management Tools.tbx\UpdateSchema" Date="20210303" Time="163055">UpdateSchema "CIMDATA=&lt;CIMStandardDataConnection xsi:type='typens:CIMStandardDataConnection' xmlns:xsi='http://www.w3.org/2001/XMLSchema-instance' xmlns:xs='http://www.w3.org/2001/XMLSchema' xmlns:typens='http://www.esri.com/schemas/ArcGIS/2.7.0'&gt;&lt;WorkspaceConnectionString&gt;DATABASE=K:\My Drive\PROGETTI\SURFACE_Project\SURE_2.0\Shapefiles_2.0\Sonora&lt;/WorkspaceConnectionString&gt;&lt;WorkspaceFactory&gt;Shapefile&lt;/WorkspaceFactory&gt;&lt;Dataset&gt;Sonora_18870503_FRC_RC_lines.shp&lt;/Dataset&gt;&lt;DatasetType&gt;esriDTFeatureClass&lt;/DatasetType&gt;&lt;/CIMStandardDataConnection&gt;" &lt;operationSequence&gt;&lt;workflow&gt;&lt;DeleteField&gt;&lt;field_name&gt;Geom_rev&lt;/field_name&gt;&lt;/DeleteField&gt;&lt;/workflow&gt;&lt;/operationSequence&gt;</Process><Process ToolSource="c:\program files\arcgis\pro\Resources\ArcToolbox\toolboxes\Data Management Tools.tbx\UpdateSchema" Date="20210303" Time="163118">UpdateSchema "CIMDATA=&lt;CIMStandardDataConnection xsi:type='typens:CIMStandardDataConnection' xmlns:xsi='http://www.w3.org/2001/XMLSchema-instance' xmlns:xs='http://www.w3.org/2001/XMLSchema' xmlns:typens='http://www.esri.com/schemas/ArcGIS/2.7.0'&gt;&lt;WorkspaceConnectionString&gt;DATABASE=K:\My Drive\PROGETTI\SURFACE_Project\SURE_2.0\Shapefiles_2.0\Sonora&lt;/WorkspaceConnectionString&gt;&lt;WorkspaceFactory&gt;Shapefile&lt;/WorkspaceFactory&gt;&lt;Dataset&gt;Sonora_18870503_FRC_RC_lines.shp&lt;/Dataset&gt;&lt;DatasetType&gt;esriDTFeatureClass&lt;/DatasetType&gt;&lt;/CIMStandardDataConnection&gt;" &lt;operationSequence&gt;&lt;workflow&gt;&lt;AddField&gt;&lt;field_name&gt;Geom_rev&lt;/field_name&gt;&lt;field_type&gt;TEXT&lt;/field_type&gt;&lt;field_length&gt;255&lt;/field_length&gt;&lt;field_is_nullable&gt;False&lt;/field_is_nullable&gt;&lt;field_is_required&gt;False&lt;/field_is_required&gt;&lt;/AddField&gt;&lt;/workflow&gt;&lt;/operationSequence&gt;</Process><Process ToolSource="c:\program files\arcgis\pro\Resources\ArcToolbox\toolboxes\Data Management Tools.tbx\CalculateField" Date="20210303" Time="163140">CalculateField Sonora_18870503_FRC_RC_lines Geom_rev "no" "Python 3" # Text</Process><Process ToolSource="c:\program files\arcgis\pro\Resources\ArcToolbox\toolboxes\Data Management Tools.tbx\Copy" Date="20210303" Time="163350">Copy "K:\My Drive\PROGETTI\SURFACE_Project\SURE_2.0\Shapefiles_2.0\Sonora\Sonora_18870503_FRC_RC_lines.shp" "K:\My Drive\PROGETTI\SURFACE_Project\SURE_2.0\Shapefiles_2.0\Sonora\upload\Sonora_18870503_FRC_RC_lines.shp" Shapefile #</Process><Process ToolSource="c:\program files\arcgis\pro\Resources\ArcToolbox\toolboxes\Data Management Tools.tbx\Rename" Date="20210303" Time="163408">Rename "K:\My Drive\PROGETTI\SURFACE_Project\SURE_2.0\Shapefiles_2.0\Sonora\upload\Sonora_18870503_FRC_RC_lines.shp" "K:\My Drive\PROGETTI\SURFACE_Project\SURE_2.0\Shapefiles_2.0\Sonora\upload\18870503_ruptures.shp" ShapeFile</Process><Process ToolSource="c:\program files\arcgis\pro\Resources\ArcToolbox\toolboxes\Conversion Tools.tbx\FeatureClassToFeatureClass" Date="20210524" Time="164441">FeatureClassToFeatureClass "SURE 2.0\18870503_ruptures" "C:\Users\PhD Student EEH\Documents\ArcGIS\Projects\1887 Sonora" 18870503_ruptures.shp # "IdE "IdE" true true false 9 Long 0 9,First,#,SURE 2.0\18870503_ruptures,IdE,-1,-1;hw_fw "hw_fw" true true false 2 Text 0 0,First,#,SURE 2.0\18870503_ruptures,hw_fw,0,2;Length "Length" true true false 7 Float 1 6,First,#,SURE 2.0\18870503_ruptures,Length,-1,-1;IdE_IdS "IdE_IdS" true true false 254 Text 0 0,First,#,SURE 2.0\18870503_ruptures,IdE_IdS,0,254;IdS "IdS" true true false 10 Long 0 10,First,#,SURE 2.0\18870503_ruptures,IdS,-1,-1;F_section "F_section" true true false 254 Text 0 0,First,#,SURE 2.0\18870503_ruptures,F_section,0,254;Strike "Strike" true true false 10 Long 0 10,First,#,SURE 2.0\18870503_ruptures,Strike,-1,-1;Dip "Dip" true true false 10 Long 0 10,First,#,SURE 2.0\18870503_ruptures,Dip,-1,-1;Cover_bed "Cover_bed" true true false 254 Text 0 0,First,#,SURE 2.0\18870503_ruptures,Cover_bed,0,254;F_complex "F_complex" true true false 254 Text 0 0,First,#,SURE 2.0\18870503_ruptures,F_complex,0,254;Paleoeqs "Paleoeqs" true true false 254 Text 0 0,First,#,SURE 2.0\18870503_ruptures,Paleoeqs,0,254;Slip_rate "Slip_rate" true true false 254 Text 0 0,First,#,SURE 2.0\18870503_ruptures,Slip_rate,0,254;References "References" true true false 254 Text 0 0,First,#,SURE 2.0\18870503_ruptures,References,0,254;Auth_rank "Auth_rank" true true false 10 Long 0 10,First,#,SURE 2.0\18870503_ruptures,Auth_rank,-1,-1;Comp_rank "Comp_rank" true true false 13 Float 0 0,First,#,SURE 2.0\18870503_ruptures,Comp_rank,-1,-1;Geom_rev "Geom_rev" true true false 254 Text 0 0,First,#,SURE 2.0\18870503_ruptures,Geom_rev,0,254" #</Process><Process ToolSource="c:\program files\arcgis\pro\Resources\ArcToolbox\toolboxes\Data Management Tools.tbx\CalculateField" Date="20210612" Time="160355">CalculateField "SURE 2.0\18870503_ruptures" References 'Suter, 2008b' "Python 3" #</Process><Process ToolSource="c:\program files\arcgis\pro\Resources\ArcToolbox\toolboxes\Data Management Tools.tbx\CalculateField" Date="20210612" Time="160412">CalculateField "SURE 2.0\18870503_ruptures" References 'Suter, 2008a' "Python 3" #</Process><Process ToolSource="c:\program files\arcgis\pro\Resources\ArcToolbox\toolboxes\Data Management Tools.tbx\CalculateField" Date="20210612" Time="160455">CalculateField "SURE 2.0\18870503_ruptures" hw_fw 'FW' "Python 3" #</Process><Process ToolSource="c:\program files\arcgis\pro\Resources\ArcToolbox\toolboxes\Conversion Tools.tbx\FeatureClassToFeatureClass" Date="20210612" Time="160925">FeatureClassToFeatureClass "SURE 2.0\18870503_ruptures" "C:\Users\PhD Student EEH\Desktop\SURE June 2021" 18870503_ruptures.shp # "IdE "IdE" true true false 9 Long 0 9,First,#,SURE 2.0\18870503_ruptures,IdE,-1,-1;hw_fw "hw_fw" true true false 2 Text 0 0,First,#,SURE 2.0\18870503_ruptures,hw_fw,0,2;Length "Length" true true false 7 Float 1 6,First,#,SURE 2.0\18870503_ruptures,Length,-1,-1;IdE_IdS "IdE_IdS" true true false 254 Text 0 0,First,#,SURE 2.0\18870503_ruptures,IdE_IdS,0,254;IdS "IdS" true true false 10 Long 0 10,First,#,SURE 2.0\18870503_ruptures,IdS,-1,-1;F_section "F_section" true true false 254 Text 0 0,First,#,SURE 2.0\18870503_ruptures,F_section,0,254;Strike "Strike" true true false 10 Long 0 10,First,#,SURE 2.0\18870503_ruptures,Strike,-1,-1;Dip "Dip" true true false 10 Long 0 10,First,#,SURE 2.0\18870503_ruptures,Dip,-1,-1;Cover_bed "Cover_bed" true true false 254 Text 0 0,First,#,SURE 2.0\18870503_ruptures,Cover_bed,0,254;F_complex "F_complex" true true false 254 Text 0 0,First,#,SURE 2.0\18870503_ruptures,F_complex,0,254;Paleoeqs "Paleoeqs" true true false 254 Text 0 0,First,#,SURE 2.0\18870503_ruptures,Paleoeqs,0,254;Slip_rate "Slip_rate" true true false 254 Text 0 0,First,#,SURE 2.0\18870503_ruptures,Slip_rate,0,254;References "References" true true false 254 Text 0 0,First,#,SURE 2.0\18870503_ruptures,References,0,254;Auth_rank "Auth_rank" true true false 10 Long 0 10,First,#,SURE 2.0\18870503_ruptures,Auth_rank,-1,-1;Comp_rank "Comp_rank" true true false 13 Float 0 0,First,#,SURE 2.0\18870503_ruptures,Comp_rank,-1,-1;Geom_rev "Geom_rev" true true false 254 Text 0 0,First,#,SURE 2.0\18870503_ruptures,Geom_rev,0,254" #</Process><Process ToolSource="c:\program files\arcgis\pro\Resources\ArcToolbox\Toolboxes\Data Management Tools.tbx\UpdateSchema" Date="20210716" Time="124143">UpdateSchema "CIMDATA=&lt;CIMStandardDataConnection xsi:type='typens:CIMStandardDataConnection' xmlns:xsi='http://www.w3.org/2001/XMLSchema-instance' xmlns:xs='http://www.w3.org/2001/XMLSchema' xmlns:typens='http://www.esri.com/schemas/ArcGIS/2.4.0'&gt;&lt;WorkspaceConnectionString&gt;DATABASE=C:\Users\PhD Student EEH\Desktop\SURE June 2021&lt;/WorkspaceConnectionString&gt;&lt;WorkspaceFactory&gt;Shapefile&lt;/WorkspaceFactory&gt;&lt;Dataset&gt;18870503_ruptures.shp&lt;/Dataset&gt;&lt;DatasetType&gt;esriDTFeatureClass&lt;/DatasetType&gt;&lt;/CIMStandardDataConnection&gt;" &lt;operationSequence&gt;&lt;workflow&gt;&lt;AddField&gt;&lt;field_name&gt;HW&lt;/field_name&gt;&lt;field_type&gt;TEXT&lt;/field_type&gt;&lt;field_length&gt;255&lt;/field_length&gt;&lt;field_is_nullable&gt;False&lt;/field_is_nullable&gt;&lt;field_is_required&gt;False&lt;/field_is_required&gt;&lt;/AddField&gt;&lt;/workflow&gt;&lt;workflow&gt;&lt;AddField&gt;&lt;field_name&gt;Field1&lt;/field_name&gt;&lt;field_type&gt;LONG&lt;/field_type&gt;&lt;field_is_nullable&gt;False&lt;/field_is_nullable&gt;&lt;field_is_required&gt;False&lt;/field_is_required&gt;&lt;/AddField&gt;&lt;/workflow&gt;&lt;/operationSequence&gt;</Process><Process ToolSource="c:\program files\arcgis\pro\Resources\ArcToolbox\toolboxes\Data Management Tools.tbx\CalculateField" Date="20210716" Time="124205">CalculateField SURE2\18870503_ruptures HW !hw_fw! "Python 3" #</Process><Process ToolSource="c:\program files\arcgis\pro\Resources\ArcToolbox\Toolboxes\Data Management Tools.tbx\UpdateSchema" Date="20210716" Time="124221">UpdateSchema "CIMDATA=&lt;CIMStandardDataConnection xsi:type='typens:CIMStandardDataConnection' xmlns:xsi='http://www.w3.org/2001/XMLSchema-instance' xmlns:xs='http://www.w3.org/2001/XMLSchema' xmlns:typens='http://www.esri.com/schemas/ArcGIS/2.4.0'&gt;&lt;WorkspaceConnectionString&gt;DATABASE=C:\Users\PhD Student EEH\Desktop\SURE June 2021&lt;/WorkspaceConnectionString&gt;&lt;WorkspaceFactory&gt;Shapefile&lt;/WorkspaceFactory&gt;&lt;Dataset&gt;18870503_ruptures.shp&lt;/Dataset&gt;&lt;DatasetType&gt;esriDTFeatureClass&lt;/DatasetType&gt;&lt;/CIMStandardDataConnection&gt;" &lt;operationSequence&gt;&lt;workflow&gt;&lt;DeleteField&gt;&lt;field_name&gt;hw_fw&lt;/field_name&gt;&lt;field_name&gt;Field1&lt;/field_name&gt;&lt;/DeleteField&gt;&lt;/workflow&gt;&lt;/operationSequence&gt;</Process><Process ToolSource="c:\program files\arcgis\pro\Resources\ArcToolbox\Toolboxes\Data Management Tools.tbx\UpdateSchema" Date="20210716" Time="124231">UpdateSchema "CIMDATA=&lt;CIMStandardDataConnection xsi:type='typens:CIMStandardDataConnection' xmlns:xsi='http://www.w3.org/2001/XMLSchema-instance' xmlns:xs='http://www.w3.org/2001/XMLSchema' xmlns:typens='http://www.esri.com/schemas/ArcGIS/2.4.0'&gt;&lt;WorkspaceConnectionString&gt;DATABASE=C:\Users\PhD Student EEH\Desktop\SURE June 2021&lt;/WorkspaceConnectionString&gt;&lt;WorkspaceFactory&gt;Shapefile&lt;/WorkspaceFactory&gt;&lt;Dataset&gt;18870503_ruptures.shp&lt;/Dataset&gt;&lt;DatasetType&gt;esriDTFeatureClass&lt;/DatasetType&gt;&lt;/CIMStandardDataConnection&gt;" &lt;operationSequence&gt;&lt;workflow&gt;&lt;AddField&gt;&lt;field_name&gt;HW_FW&lt;/field_name&gt;&lt;field_type&gt;TEXT&lt;/field_type&gt;&lt;field_length&gt;255&lt;/field_length&gt;&lt;field_is_nullable&gt;False&lt;/field_is_nullable&gt;&lt;field_is_required&gt;False&lt;/field_is_required&gt;&lt;/AddField&gt;&lt;/workflow&gt;&lt;/operationSequence&gt;</Process><Process ToolSource="c:\program files\arcgis\pro\Resources\ArcToolbox\toolboxes\Data Management Tools.tbx\CalculateField" Date="20210716" Time="124239">CalculateField SURE2\18870503_ruptures HW_FW !HW! "Python 3" #</Process><Process ToolSource="c:\program files\arcgis\pro\Resources\ArcToolbox\Toolboxes\Data Management Tools.tbx\UpdateSchema" Date="20210716" Time="124247">UpdateSchema "CIMDATA=&lt;CIMStandardDataConnection xsi:type='typens:CIMStandardDataConnection' xmlns:xsi='http://www.w3.org/2001/XMLSchema-instance' xmlns:xs='http://www.w3.org/2001/XMLSchema' xmlns:typens='http://www.esri.com/schemas/ArcGIS/2.4.0'&gt;&lt;WorkspaceConnectionString&gt;DATABASE=C:\Users\PhD Student EEH\Desktop\SURE June 2021&lt;/WorkspaceConnectionString&gt;&lt;WorkspaceFactory&gt;Shapefile&lt;/WorkspaceFactory&gt;&lt;Dataset&gt;18870503_ruptures.shp&lt;/Dataset&gt;&lt;DatasetType&gt;esriDTFeatureClass&lt;/DatasetType&gt;&lt;/CIMStandardDataConnection&gt;" &lt;operationSequence&gt;&lt;workflow&gt;&lt;DeleteField&gt;&lt;field_name&gt;HW&lt;/field_name&gt;&lt;/DeleteField&gt;&lt;/workflow&gt;&lt;/operationSequence&gt;</Process><Process ToolSource="c:\program files\arcgis\pro\Resources\ArcToolbox\Toolboxes\Data Management Tools.tbx\UpdateSchema" Date="20210726" Time="113959">UpdateSchema "CIMDATA=&lt;CIMStandardDataConnection xsi:type='typens:CIMStandardDataConnection' xmlns:xsi='http://www.w3.org/2001/XMLSchema-instance' xmlns:xs='http://www.w3.org/2001/XMLSchema' xmlns:typens='http://www.esri.com/schemas/ArcGIS/2.4.0'&gt;&lt;WorkspaceConnectionString&gt;DATABASE=C:\Users\PhD Student EEH\Desktop\SURE June 2021&lt;/WorkspaceConnectionString&gt;&lt;WorkspaceFactory&gt;Shapefile&lt;/WorkspaceFactory&gt;&lt;Dataset&gt;18870503_ruptures.shp&lt;/Dataset&gt;&lt;DatasetType&gt;esriDTFeatureClass&lt;/DatasetType&gt;&lt;/CIMStandardDataConnection&gt;" &lt;operationSequence&gt;&lt;workflow&gt;&lt;AddField&gt;&lt;field_name&gt;IdS_PF&lt;/field_name&gt;&lt;field_type&gt;LONG&lt;/field_type&gt;&lt;field_is_nullable&gt;False&lt;/field_is_nullable&gt;&lt;field_is_required&gt;False&lt;/field_is_required&gt;&lt;/AddField&gt;&lt;/workflow&gt;&lt;/operationSequence&gt;</Process><Process ToolSource="c:\program files\arcgis\pro\Resources\ArcToolbox\toolboxes\Data Management Tools.tbx\CalculateField" Date="20210802" Time="123200">CalculateField SURE2\18870503_ruptures IdS_PF 49 "Python 3" #</Process><Process ToolSource="c:\program files\arcgis\pro\Resources\ArcToolbox\toolboxes\Data Management Tools.tbx\CalculateField" Date="20211019" Time="104249">CalculateField 18870503_ruptures Comp_rank 1 "Python 3" #</Process><Process ToolSource="c:\program files\arcgis\pro\Resources\ArcToolbox\toolboxes\Data Management Tools.tbx\CalculateField" Date="20211019" Time="190730">CalculateField SURE2\18870503_ruptures IdS_PF ' ' "Python 3" #</Process><Process ToolSource="c:\program files\arcgis\pro\Resources\ArcToolbox\toolboxes\Data Management Tools.tbx\CalculateField" Date="20211019" Time="190737">CalculateField SURE2\18870503_ruptures IdS_PF '' "Python 3" #</Process><Process ToolSource="c:\program files\arcgis\pro\Resources\ArcToolbox\toolboxes\Data Management Tools.tbx\CalculateField" Date="20211019" Time="190743">CalculateField SURE2\18870503_ruptures IdS_PF 0 "Python 3" #</Process><Process ToolSource="c:\program files\arcgis\pro\Resources\ArcToolbox\Toolboxes\Data Management Tools.tbx\UpdateSchema" Date="20220105" Time="144758">UpdateSchema "CIMDATA=&lt;CIMStandardDataConnection xsi:type='typens:CIMStandardDataConnection' xmlns:xsi='http://www.w3.org/2001/XMLSchema-instance' xmlns:xs='http://www.w3.org/2001/XMLSchema' xmlns:typens='http://www.esri.com/schemas/ArcGIS/2.4.0'&gt;&lt;WorkspaceConnectionString&gt;DATABASE=C:\Users\PhD Student EEH\Desktop\SURE June 2021&lt;/WorkspaceConnectionString&gt;&lt;WorkspaceFactory&gt;Shapefile&lt;/WorkspaceFactory&gt;&lt;Dataset&gt;18870503_ruptures&lt;/Dataset&gt;&lt;DatasetType&gt;esriDTFeatureClass&lt;/DatasetType&gt;&lt;/CIMStandardDataConnection&gt;" &lt;operationSequence&gt;&lt;workflow&gt;&lt;AddField&gt;&lt;field_name&gt;HW_FW_PF&lt;/field_name&gt;&lt;field_type&gt;TEXT&lt;/field_type&gt;&lt;field_length&gt;255&lt;/field_length&gt;&lt;field_is_nullable&gt;False&lt;/field_is_nullable&gt;&lt;field_is_required&gt;False&lt;/field_is_required&gt;&lt;/AddField&gt;&lt;/workflow&gt;&lt;workflow&gt;&lt;AddField&gt;&lt;field_name&gt;HW_FW_near&lt;/field_name&gt;&lt;field_type&gt;TEXT&lt;/field_type&gt;&lt;field_length&gt;255&lt;/field_length&gt;&lt;field_is_nullable&gt;False&lt;/field_is_nullable&gt;&lt;field_is_required&gt;False&lt;/field_is_required&gt;&lt;/AddField&gt;&lt;/workflow&gt;&lt;/operationSequence&gt;</Process><Process ToolSource="c:\program files\arcgis\pro\Resources\ArcToolbox\toolboxes\Data Management Tools.tbx\CalculateField" Date="20220105" Time="144821">CalculateField 18870503_ruptures HW_FW_near !HW_FW! "Python 3" #</Process><Process ToolSource="c:\program files\arcgis\pro\Resources\ArcToolbox\toolboxes\Data Management Tools.tbx\CalculateField" Date="20220105" Time="145037">CalculateField 18870503_ruptures HW_FW_PF !HW_FW_near! "Python 3" #</Process><Process ToolSource="c:\program files\arcgis\pro\Resources\ArcToolbox\Toolboxes\Data Management Tools.tbx\UpdateSchema" Date="20220105" Time="151958">UpdateSchema "CIMDATA=&lt;CIMStandardDataConnection xsi:type='typens:CIMStandardDataConnection' xmlns:xsi='http://www.w3.org/2001/XMLSchema-instance' xmlns:xs='http://www.w3.org/2001/XMLSchema' xmlns:typens='http://www.esri.com/schemas/ArcGIS/2.4.0'&gt;&lt;WorkspaceConnectionString&gt;DATABASE=C:\Users\PhD Student EEH\Desktop\SURE June 2021&lt;/WorkspaceConnectionString&gt;&lt;WorkspaceFactory&gt;Shapefile&lt;/WorkspaceFactory&gt;&lt;Dataset&gt;18870503_ruptures&lt;/Dataset&gt;&lt;DatasetType&gt;esriDTFeatureClass&lt;/DatasetType&gt;&lt;/CIMStandardDataConnection&gt;" &lt;operationSequence&gt;&lt;workflow&gt;&lt;DeleteField&gt;&lt;field_name&gt;HW_FW&lt;/field_name&gt;&lt;/DeleteField&gt;&lt;/workflow&gt;&lt;/operationSequence&gt;</Process><Process ToolSource="c:\program files\arcgis\pro\Resources\ArcToolbox\toolboxes\Data Management Tools.tbx\CalculateField" Date="20220109" Time="124340">CalculateField 18870503_ruptures Length " " "Python 3" #</Process><Process ToolSource="c:\program files\arcgis\pro\Resources\ArcToolbox\toolboxes\Data Management Tools.tbx\CalculateField" Date="20220109" Time="124347">CalculateField 18870503_ruptures Length "" "Python 3" #</Process><Process ToolSource="c:\program files\arcgis\pro\Resources\ArcToolbox\toolboxes\Data Management Tools.tbx\CalculateField" Date="20220109" Time="124354">CalculateField 18870503_ruptures Length 0 "Python 3" #</Process><Process ToolSource="c:\program files\arcgis\pro\Resources\ArcToolbox\toolboxes\Conversion Tools.tbx\FeatureClassToFeatureClass" Date="20220109" Time="150939">FeatureClassToFeatureClass 18870503_ruptures "C:\Users\PhD Student EEH\Desktop\SURE 2.0 final" 18870503_ruptures.shp # "IdE "IdE" true true false 9 Long 0 9,First,#,18870503_ruptures,IdE,-1,-1;Length "Length" true true false 7 Float 1 6,First,#,18870503_ruptures,Length,-1,-1;IdE_IdS "IdE_IdS" true true false 254 Text 0 0,First,#,18870503_ruptures,IdE_IdS,0,254;IdS "IdS" true true false 10 Long 0 10,First,#,18870503_ruptures,IdS,-1,-1;F_section "F_section" true true false 254 Text 0 0,First,#,18870503_ruptures,F_section,0,254;Strike "Strike" true true false 10 Long 0 10,First,#,18870503_ruptures,Strike,-1,-1;Dip "Dip" true true false 10 Long 0 10,First,#,18870503_ruptures,Dip,-1,-1;Cover_bed "Cover_bed" true true false 254 Text 0 0,First,#,18870503_ruptures,Cover_bed,0,254;F_complex "F_complex" true true false 254 Text 0 0,First,#,18870503_ruptures,F_complex,0,254;Paleoeqs "Paleoeqs" true true false 254 Text 0 0,First,#,18870503_ruptures,Paleoeqs,0,254;Slip_rate "Slip_rate" true true false 254 Text 0 0,First,#,18870503_ruptures,Slip_rate,0,254;References "References" true true false 254 Text 0 0,First,#,18870503_ruptures,References,0,254;Auth_rank "Auth_rank" true true false 10 Long 0 10,First,#,18870503_ruptures,Auth_rank,-1,-1;Comp_rank "Comp_rank" true true false 13 Float 0 0,First,#,18870503_ruptures,Comp_rank,-1,-1;HW_FW_PF "HW_FW_PF" true true false 254 Text 0 0,First,#,18870503_ruptures,HW_FW_PF,0,254;HW_FW_near "HW_FW_near" true true false 254 Text 0 0,First,#,18870503_ruptures,HW_FW_near,0,254;Geom_rev "Geom_rev" true true false 254 Text 0 0,First,#,18870503_ruptures,Geom_rev,0,254;IdS_PF "IdS_PF" true true false 10 Long 0 10,First,#,18870503_ruptures,IdS_PF,-1,-1" #</Process><Process ToolSource="c:\program files\arcgis\pro\Resources\ArcToolbox\toolboxes\Data Management Tools.tbx\Merge" Date="20220415" Time="161740">Merge NORMAL\18870503_ruptures;NORMAL\19151003_ruptures;NORMAL\19461110_ruptures;NORMAL\19501214_ruptures;NORMAL\19541216_ruptures;NORMAL\19541217_ruptures;NORMAL\19590818_ruptures;NORMAL\19750801_ruptures;NORMAL\19780620_ruptures;NORMAL\19800525_ruptures;NORMAL\19810224_ruptures;NORMAL\19810304_ruptures;NORMAL\19831028_ruptures;NORMAL\19870302_ruptures;NORMAL\20090406_ruptures;NORMAL\20160824_ruptures;NORMAL\20161030_ruptures;NORMAL\20161201_ruptures;REVERSE\19110103_ruptures;REVERSE\19700310_ruptures;REVERSE\19710209_ruptures;REVERSE\19801010_ruptures;REVERSE\19830611_ruptures;REVERSE\19860330_ruptures;REVERSE\19880122_ruptures;REVERSE\19881207_ruptures;REVERSE\19930929_ruptures;REVERSE\19990920_ruptures;REVERSE\20051008_ruptures;REVERSE\20080512_ruptures;REVERSE\20120323_ruptures;REVERSE\20141122_ruptures;REVERSE\20160520_ruptures;REVERSE\20191111_ruptures;STRIKE-SLIP\18720326_ruptures;STRIKE-SLIP\19680409_ruptures;STRIKE-SLIP\19791015_ruptures;STRIKE-SLIP\19871124_ruptures;STRIKE-SLIP\19920628_ruptures;STRIKE-SLIP\19950116_ruptures;STRIKE-SLIP\19990817_ruptures;STRIKE-SLIP\19991016_ruptures;STRIKE-SLIP\20021103_ruptures;STRIKE-SLIP\20100326_ruptures;STRIKE-SLIP\20100404_ruptures;STRIKE-SLIP\20100903_ruptures;STRIKE-SLIP\20140824_ruptures;STRIKE-SLIP\20160415_ruptures;STRIKE-SLIP\20190704_ruptures;STRIKE-SLIP\20190705_ruptures "C:\Users\PhD Student EEH\Desktop\SURE 2.0 final\Control\Control.gdb\SURE2" "IdE "IdE" true true false 9 Long 0 9,First,#,NORMAL\18870503_ruptures,IdE,-1,-1,NORMAL\19151003_ruptures,IdE,-1,-1,NORMAL\19461110_ruptures,IdE,-1,-1,NORMAL\19501214_ruptures,IdE,-1,-1,NORMAL\19541216_ruptures,IdE,-1,-1,NORMAL\19541217_ruptures,IdE,-1,-1,NORMAL\19590818_ruptures,IdE,-1,-1,NORMAL\19750801_ruptures,IdE,-1,-1,NORMAL\19780620_ruptures,IdE,-1,-1,NORMAL\19800525_ruptures,IdE,-1,-1,NORMAL\19810224_ruptures,IdE,-1,-1,NORMAL\19810304_ruptures,IdE,-1,-1,NORMAL\19831028_ruptures,IdE,-1,-1,NORMAL\19870302_ruptures,IdE,-1,-1,NORMAL\20090406_ruptures,IdE,-1,-1,NORMAL\20160824_ruptures,IdE,-1,-1,NORMAL\20161030_ruptures,IdE,-1,-1,NORMAL\20161201_ruptures,IdE,-1,-1,REVERSE\19110103_ruptures,IdE,-1,-1,REVERSE\19700310_ruptures,IdE,-1,-1,REVERSE\19710209_ruptures,IdE,-1,-1,REVERSE\19801010_ruptures,IdE,-1,-1,REVERSE\19830611_ruptures,IdE,-1,-1,REVERSE\19860330_ruptures,IdE,-1,-1,REVERSE\19880122_ruptures,IdE,-1,-1,REVERSE\19881207_ruptures,IdE,-1,-1,REVERSE\19930929_ruptures,IdE,-1,-1,REVERSE\19990920_ruptures,IdE,-1,-1,REVERSE\20051008_ruptures,IdE,-1,-1,REVERSE\20080512_ruptures,IdE,-1,-1,REVERSE\20120323_ruptures,IdE,-1,-1,REVERSE\20141122_ruptures,IdE,-1,-1,REVERSE\20160520_ruptures,IdE,-1,-1,REVERSE\20191111_ruptures,IdE,-1,-1,STRIKE-SLIP\18720326_ruptures,IdE,-1,-1,STRIKE-SLIP\19680409_ruptures,IdE,-1,-1,STRIKE-SLIP\19791015_ruptures,IdE,-1,-1,STRIKE-SLIP\19871124_ruptures,IdE,-1,-1,STRIKE-SLIP\19920628_ruptures,IdE,-1,-1,STRIKE-SLIP\19950116_ruptures,IdE,-1,-1,STRIKE-SLIP\19990817_ruptures,IdE,-1,-1,STRIKE-SLIP\19991016_ruptures,IdE,-1,-1,STRIKE-SLIP\20021103_ruptures,IdE,-1,-1,STRIKE-SLIP\20100326_ruptures,IdE,-1,-1,STRIKE-SLIP\20100404_ruptures,IdE,-1,-1,STRIKE-SLIP\20100903_ruptures,IdE,-1,-1,STRIKE-SLIP\20140824_ruptures,IdE,-1,-1,STRIKE-SLIP\20160415_ruptures,IdE,-1,-1,STRIKE-SLIP\20190704_ruptures,IdE,-1,-1,STRIKE-SLIP\20190705_ruptures,IdE,-1,-1;Length "Length" true true false 7 Float 1 6,First,#,NORMAL\18870503_ruptures,Length,-1,-1,NORMAL\19151003_ruptures,Length,-1,-1,NORMAL\19461110_ruptures,Length,-1,-1,NORMAL\19501214_ruptures,Length,-1,-1,NORMAL\19541216_ruptures,Length,-1,-1,NORMAL\19541217_ruptures,Length,-1,-1,NORMAL\19590818_ruptures,Length,-1,-1,NORMAL\19750801_ruptures,Length,-1,-1,NORMAL\19780620_ruptures,Length,-1,-1,NORMAL\19800525_ruptures,Length,-1,-1,NORMAL\19810224_ruptures,Length,-1,-1,NORMAL\19810304_ruptures,Length,-1,-1,NORMAL\19831028_ruptures,Length,-1,-1,NORMAL\19870302_ruptures,Length,-1,-1,NORMAL\20090406_ruptures,Length,-1,-1,NORMAL\20160824_ruptures,Length,-1,-1,NORMAL\20161030_ruptures,Length,-1,-1,NORMAL\20161201_ruptures,Length,-1,-1,REVERSE\19110103_ruptures,Length,-1,-1,REVERSE\19700310_ruptures,Length,-1,-1,REVERSE\19710209_ruptures,Length,-1,-1,REVERSE\19801010_ruptures,Length,-1,-1,REVERSE\19830611_ruptures,Length,-1,-1,REVERSE\19860330_ruptures,Length,-1,-1,REVERSE\19880122_ruptures,Length,-1,-1,REVERSE\19881207_ruptures,Length,-1,-1,REVERSE\19930929_ruptures,Length,-1,-1,REVERSE\19990920_ruptures,Length,-1,-1,REVERSE\20051008_ruptures,Length,-1,-1,REVERSE\20080512_ruptures,Length,-1,-1,REVERSE\20120323_ruptures,Length,-1,-1,REVERSE\20141122_ruptures,Length,-1,-1,REVERSE\20160520_ruptures,Length,-1,-1,REVERSE\20191111_ruptures,Length,-1,-1,STRIKE-SLIP\18720326_ruptures,LENGTH,-1,-1,STRIKE-SLIP\19680409_ruptures,Length,-1,-1,STRIKE-SLIP\19791015_ruptures,Length,-1,-1,STRIKE-SLIP\19871124_ruptures,Length,-1,-1,STRIKE-SLIP\19920628_ruptures,Length,-1,-1,STRIKE-SLIP\19950116_ruptures,Length,-1,-1,STRIKE-SLIP\19990817_ruptures,Length,-1,-1,STRIKE-SLIP\19991016_ruptures,Length,-1,-1,STRIKE-SLIP\20021103_ruptures,Length,-1,-1,STRIKE-SLIP\20100326_ruptures,Length,-1,-1,STRIKE-SLIP\20100404_ruptures,Length,-1,-1,STRIKE-SLIP\20100903_ruptures,Length,-1,-1,STRIKE-SLIP\20140824_ruptures,Length,-1,-1,STRIKE-SLIP\20160415_ruptures,Length,-1,-1,STRIKE-SLIP\20190704_ruptures,Length,-1,-1,STRIKE-SLIP\20190705_ruptures,Length,-1,-1;IdE_IdS "IdE_IdS" true true false 254 Text 0 0,First,#,NORMAL\18870503_ruptures,IdE_IdS,0,254,NORMAL\19151003_ruptures,IdE_IdS,0,254,NORMAL\19461110_ruptures,IdE_IdS,0,254,NORMAL\19501214_ruptures,IdE_IdS,0,254,NORMAL\19541216_ruptures,IdE_IdS,0,254,NORMAL\19541217_ruptures,IdE_IdS,0,254,NORMAL\19590818_ruptures,IdE_IdS,0,254,NORMAL\19750801_ruptures,IdE_IdS,0,254,NORMAL\19780620_ruptures,IdE_IdS,0,254,NORMAL\19800525_ruptures,IdE_IdS,0,254,NORMAL\19810224_ruptures,IdE_IdS,0,254,NORMAL\19810304_ruptures,IdE_IdS,0,254,NORMAL\19831028_ruptures,IdE_IdS,0,254,NORMAL\19870302_ruptures,IdE_IdS,0,254,NORMAL\20090406_ruptures,IdE_IdS,0,254,NORMAL\20160824_ruptures,IdE_IdS,0,254,NORMAL\20161030_ruptures,IdE_IdS,0,254,NORMAL\20161201_ruptures,IdE_IdS,0,254,REVERSE\19110103_ruptures,IdE_IdS,0,20,REVERSE\19700310_ruptures,IdE_IdS,0,254,REVERSE\19710209_ruptures,IdE_IdS,0,254,REVERSE\19801010_ruptures,IdE_IdS,0,254,REVERSE\19830611_ruptures,IdE_IdS,0,254,REVERSE\19860330_ruptures,IdE_IdS,0,254,REVERSE\19880122_ruptures,IdE_IdS,0,254,REVERSE\19881207_ruptures,IdE_IdS,0,254,REVERSE\19930929_ruptures,IdE_IdS,0,254,REVERSE\19990920_ruptures,IdE_IdS,0,254,REVERSE\20051008_ruptures,IdE_IdS,0,254,REVERSE\20080512_ruptures,IdE_IdS,0,254,REVERSE\20120323_ruptures,IdE_IdS,0,254,REVERSE\20141122_ruptures,IdE_IdS,0,254,REVERSE\20160520_ruptures,IdE_IdS,0,254,REVERSE\20191111_ruptures,IdE_IdS,0,254,STRIKE-SLIP\18720326_ruptures,IdE_IdS,0,15,STRIKE-SLIP\19680409_ruptures,IdE_IdS,0,20,STRIKE-SLIP\19791015_ruptures,IdE_IdS,0,20,STRIKE-SLIP\19871124_ruptures,IdE_IdS,0,20,STRIKE-SLIP\19920628_ruptures,IdE_IdS,0,20,STRIKE-SLIP\19950116_ruptures,IdE_IdS,0,15,STRIKE-SLIP\19990817_ruptures,IdE_IdS,0,15,STRIKE-SLIP\19991016_ruptures,IdE_IdS,0,20,STRIKE-SLIP\20021103_ruptures,IdE_IdS,0,254,STRIKE-SLIP\20100326_ruptures,IdE_IdS,0,254,STRIKE-SLIP\20100404_ruptures,IdE_IdS,0,20,STRIKE-SLIP\20100903_ruptures,IdE_IdS,0,20,STRIKE-SLIP\20140824_ruptures,IdE_IdS,0,15,STRIKE-SLIP\20160415_ruptures,IdE_IdS,0,15,STRIKE-SLIP\20190704_ruptures,IdE_IdS,0,20,STRIKE-SLIP\20190705_ruptures,IdE_IdS,0,20;IdS "IdS" true true false 10 Long 0 10,First,#,NORMAL\18870503_ruptures,IdS,-1,-1,NORMAL\19151003_ruptures,IdS,-1,-1,NORMAL\19461110_ruptures,IdS,-1,-1,NORMAL\19501214_ruptures,IdS,-1,-1,NORMAL\19541216_ruptures,IdS,-1,-1,NORMAL\19541217_ruptures,IdS,-1,-1,NORMAL\19590818_ruptures,IdS,-1,-1,NORMAL\19750801_ruptures,IdS,-1,-1,NORMAL\19780620_ruptures,IdS,-1,-1,NORMAL\19800525_ruptures,IdS,-1,-1,NORMAL\19810224_ruptures,IdS,-1,-1,NORMAL\19810304_ruptures,IdS,-1,-1,NORMAL\19831028_ruptures,IdS,-1,-1,NORMAL\19870302_ruptures,IdS,-1,-1,NORMAL\20090406_ruptures,IdS,-1,-1,NORMAL\20160824_ruptures,IdS,-1,-1,NORMAL\20161030_ruptures,IdS,-1,-1,NORMAL\20161201_ruptures,IdS,-1,-1,REVERSE\19110103_ruptures,IdS,-1,-1,REVERSE\19700310_ruptures,IdS,-1,-1,REVERSE\19710209_ruptures,IdS,-1,-1,REVERSE\19801010_ruptures,IdS,-1,-1,REVERSE\19830611_ruptures,IdS,-1,-1,REVERSE\19860330_ruptures,IdS,-1,-1,REVERSE\19880122_ruptures,IdS,-1,-1,REVERSE\19881207_ruptures,IdS,-1,-1,REVERSE\19930929_ruptures,IdS,-1,-1,REVERSE\19990920_ruptures,IdS,-1,-1,REVERSE\20051008_ruptures,IdS,-1,-1,REVERSE\20080512_ruptures,IdS,-1,-1,REVERSE\20120323_ruptures,IdS,-1,-1,REVERSE\20141122_ruptures,IdS,-1,-1,REVERSE\20160520_ruptures,IdS,-1,-1,REVERSE\20191111_ruptures,IdS,-1,-1,STRIKE-SLIP\18720326_ruptures,IdS,-1,-1,STRIKE-SLIP\19680409_ruptures,IdS,-1,-1,STRIKE-SLIP\19791015_ruptures,IdS,-1,-1,STRIKE-SLIP\19871124_ruptures,IdS,-1,-1,STRIKE-SLIP\19920628_ruptures,IdS,-1,-1,STRIKE-SLIP\19950116_ruptures,IdS,-1,-1,STRIKE-SLIP\19990817_ruptures,IdS,-1,-1,STRIKE-SLIP\19991016_ruptures,IdS,-1,-1,STRIKE-SLIP\20021103_ruptures,IdS,-1,-1,STRIKE-SLIP\20100326_ruptures,IdS,-1,-1,STRIKE-SLIP\20100404_ruptures,IdS,-1,-1,STRIKE-SLIP\20100903_ruptures,IdS,-1,-1,STRIKE-SLIP\20140824_ruptures,IdS,-1,-1,STRIKE-SLIP\20160415_ruptures,IdS,-1,-1,STRIKE-SLIP\20190704_ruptures,IdS,-1,-1,STRIKE-SLIP\20190705_ruptures,IdS,-1,-1;F_section "F_section" true true false 254 Text 0 0,First,#,NORMAL\18870503_ruptures,F_section,0,254,NORMAL\19151003_ruptures,F_section,0,254,NORMAL\19461110_ruptures,F_section,0,254,NORMAL\19501214_ruptures,F_section,0,254,NORMAL\19541216_ruptures,F_section,0,254,NORMAL\19541217_ruptures,F_section,0,254,NORMAL\19590818_ruptures,F_section,0,254,NORMAL\19750801_ruptures,F_section,0,254,NORMAL\19780620_ruptures,F_section,0,254,NORMAL\19800525_ruptures,F_section,0,254,NORMAL\19810224_ruptures,F_section,0,254,NORMAL\19810304_ruptures,F_section,0,254,NORMAL\19831028_ruptures,F_section,0,254,NORMAL\19870302_ruptures,F_section,0,254,NORMAL\20090406_ruptures,F_section,0,254,NORMAL\20160824_ruptures,F_section,0,254,NORMAL\20161030_ruptures,F_section,0,254,NORMAL\20161201_ruptures,F_section,0,254,REVERSE\19700310_ruptures,F_section,-1,-1,REVERSE\19710209_ruptures,F_section,0,254,REVERSE\19801010_ruptures,F_section,0,254,REVERSE\19830611_ruptures,F_section,0,254,REVERSE\19860330_ruptures,F_section,0,254,REVERSE\19880122_ruptures,F_section,0,254,REVERSE\19881207_ruptures,F_section,0,254,REVERSE\19930929_ruptures,F_section,0,254,REVERSE\19990920_ruptures,F_section,0,254,REVERSE\20051008_ruptures,F_section,0,254,REVERSE\20080512_ruptures,F_section,0,254,REVERSE\20120323_ruptures,F_section,0,254,REVERSE\20141122_ruptures,F_section,0,254,REVERSE\20160520_ruptures,F_section,0,254,REVERSE\20191111_ruptures,F_section,0,254,STRIKE-SLIP\18720326_ruptures,F_section,0,50,STRIKE-SLIP\19950116_ruptures,F_section,0,50,STRIKE-SLIP\19990817_ruptures,F_section,0,30,STRIKE-SLIP\20021103_ruptures,F_section,0,50,STRIKE-SLIP\20160415_ruptures,F_section,0,15;Strike "Strike" true true false 10 Long 0 10,First,#,NORMAL\18870503_ruptures,Strike,-1,-1,NORMAL\19151003_ruptures,Strike,-1,-1,NORMAL\19461110_ruptures,Strike,-1,-1,NORMAL\19501214_ruptures,Strike,-1,-1,NORMAL\19541216_ruptures,Strike,-1,-1,NORMAL\19541217_ruptures,Strike,-1,-1,NORMAL\19590818_ruptures,Strike,-1,-1,NORMAL\19750801_ruptures,Strike,-1,-1,NORMAL\19780620_ruptures,Strike,-1,-1,NORMAL\19800525_ruptures,Strike,-1,-1,NORMAL\19810224_ruptures,Strike,-1,-1,NORMAL\19810304_ruptures,Strike,-1,-1,NORMAL\19831028_ruptures,Strike,-1,-1,NORMAL\19870302_ruptures,Strike,-1,-1,NORMAL\20090406_ruptures,Strike,-1,-1,NORMAL\20160824_ruptures,Strike,-1,-1,NORMAL\20161030_ruptures,Strike,-1,-1,NORMAL\20161201_ruptures,Strike,-1,-1,REVERSE\19700310_ruptures,Strike,-1,-1,REVERSE\19710209_ruptures,Strike,-1,-1,REVERSE\19801010_ruptures,Strike,-1,-1,REVERSE\19830611_ruptures,Strike,-1,-1,REVERSE\19860330_ruptures,Strike,-1,-1,REVERSE\19880122_ruptures,Strike,-1,-1,REVERSE\19881207_ruptures,Strike,-1,-1,REVERSE\19930929_ruptures,Strike,-1,-1,REVERSE\19990920_ruptures,Strike,-1,-1,REVERSE\20051008_ruptures,Strike,-1,-1,REVERSE\20080512_ruptures,Strike,-1,-1,REVERSE\20120323_ruptures,Strike,-1,-1,REVERSE\20141122_ruptures,Strike,-1,-1,REVERSE\20160520_ruptures,Strike,-1,-1,REVERSE\20191111_ruptures,Strike,-1,-1,STRIKE-SLIP\18720326_ruptures,Strike,-1,-1,STRIKE-SLIP\19950116_ruptures,Strike,-1,-1,STRIKE-SLIP\19990817_ruptures,Strike,-1,-1,STRIKE-SLIP\20021103_ruptures,Strike,-1,-1,STRIKE-SLIP\20140824_ruptures,Strike,-1,-1,STRIKE-SLIP\20160415_ruptures,Strike,-1,-1;Dip "Dip" true true false 10 Long 0 10,First,#,NORMAL\18870503_ruptures,Dip,-1,-1,NORMAL\19151003_ruptures,Dip,-1,-1,NORMAL\19461110_ruptures,Dip,-1,-1,NORMAL\19501214_ruptures,Dip,-1,-1,NORMAL\19541216_ruptures,Dip,-1,-1,NORMAL\19541217_ruptures,Dip,-1,-1,NORMAL\19590818_ruptures,Dip,-1,-1,NORMAL\19750801_ruptures,Dip,-1,-1,NORMAL\19780620_ruptures,Dip,-1,-1,NORMAL\19800525_ruptures,Dip,-1,-1,NORMAL\19810224_ruptures,Dip,-1,-1,NORMAL\19810304_ruptures,Dip,-1,-1,NORMAL\19831028_ruptures,Dip,-1,-1,NORMAL\19870302_ruptures,Dip,-1,-1,NORMAL\20090406_ruptures,Dip,-1,-1,NORMAL\20160824_ruptures,Dip,-1,-1,NORMAL\20161030_ruptures,Dip,-1,-1,NORMAL\20161201_ruptures,Dip,-1,-1,REVERSE\19700310_ruptures,Dip,-1,-1,REVERSE\19710209_ruptures,Dip,-1,-1,REVERSE\19801010_ruptures,Dip,-1,-1,REVERSE\19830611_ruptures,Dip,-1,-1,REVERSE\19860330_ruptures,Dip,-1,-1,REVERSE\19880122_ruptures,Dip,-1,-1,REVERSE\19881207_ruptures,Dip,-1,-1,REVERSE\19930929_ruptures,Dip,-1,-1,REVERSE\19990920_ruptures,Dip,-1,-1,REVERSE\20051008_ruptures,Dip,-1,-1,REVERSE\20080512_ruptures,Dip,-1,-1,REVERSE\20120323_ruptures,Dip,-1,-1,REVERSE\20160520_ruptures,Dip,-1,-1,REVERSE\20191111_ruptures,Dip,-1,-1,STRIKE-SLIP\18720326_ruptures,Dip,-1,-1,STRIKE-SLIP\19950116_ruptures,Dip,-1,-1,STRIKE-SLIP\19990817_ruptures,Dip,-1,-1,STRIKE-SLIP\20021103_ruptures,Dip,-1,-1,STRIKE-SLIP\20140824_ruptures,Dip,-1,-1,STRIKE-SLIP\20160415_ruptures,Dip,-1,-1;Cover_bed "Cover_bed" true true false 254 Text 0 0,First,#,NORMAL\18870503_ruptures,Cover_bed,0,254,NORMAL\19151003_ruptures,Cover_bed,0,254,NORMAL\19461110_ruptures,Cover_bed,0,254,NORMAL\19501214_ruptures,Cover_bed,0,254,NORMAL\19541216_ruptures,Cover_bed,0,254,NORMAL\19541217_ruptures,Cover_bed,0,254,NORMAL\19590818_ruptures,Cover_bed,0,254,NORMAL\19750801_ruptures,Cover_bed,0,254,NORMAL\19780620_ruptures,Cover_bed,0,254,NORMAL\19800525_ruptures,Cover_bed,0,254,NORMAL\19810224_ruptures,Cover_bed,0,254,NORMAL\19810304_ruptures,Cover_bed,0,254,NORMAL\19831028_ruptures,Cover_bed,0,254,NORMAL\19870302_ruptures,Cover_bed,0,254,NORMAL\20090406_ruptures,Cover_bed,0,254,NORMAL\20160824_ruptures,Cover_bed,0,254,NORMAL\20161030_ruptures,Cover_bed,0,254,NORMAL\20161201_ruptures,Cover_bed,0,254,REVERSE\19700310_ruptures,Cover_bed,0,254,REVERSE\19710209_ruptures,Cover_bed,0,254,REVERSE\19801010_ruptures,Cover_bed,0,254,REVERSE\19830611_ruptures,Cover_bed,0,254,REVERSE\19860330_ruptures,Cover_bed,0,254,REVERSE\19880122_ruptures,Cover_bed,0,254,REVERSE\19881207_ruptures,Cover_bed,0,254,REVERSE\19930929_ruptures,Cover_bed,0,254,REVERSE\19990920_ruptures,Cover_bed,0,254,REVERSE\20051008_ruptures,Cover_bed,0,254,REVERSE\20080512_ruptures,Cover_bed,0,254,REVERSE\20120323_ruptures,Cover_bed,0,254,REVERSE\20141122_ruptures,Cover_bed,0,254,REVERSE\20160520_ruptures,Cover_bed,0,254,REVERSE\20191111_ruptures,Cover_bed,0,254,STRIKE-SLIP\18720326_ruptures,Cover_bed,0,9,STRIKE-SLIP\19950116_ruptures,Cover_bed,0,50,STRIKE-SLIP\19990817_ruptures,Cover_bed,0,15,STRIKE-SLIP\20021103_ruptures,Cover_Bed,0,50,STRIKE-SLIP\20140824_ruptures,Cover_Bed,0,50,STRIKE-SLIP\20160415_ruptures,Cover_bed,0,15;F_complex "F_complex" true true false 254 Text 0 0,First,#,NORMAL\18870503_ruptures,F_complex,0,254,NORMAL\19151003_ruptures,F_complex,0,254,NORMAL\19461110_ruptures,F_complex,0,254,NORMAL\19501214_ruptures,F_complex,0,254,NORMAL\19541216_ruptures,F_complex,0,254,NORMAL\19541217_ruptures,F_complex,0,254,NORMAL\19590818_ruptures,F_complex,0,254,NORMAL\19750801_ruptures,F_complex,0,254,NORMAL\19780620_ruptures,F_complex,0,254,NORMAL\19800525_ruptures,F_complex,0,254,NORMAL\19810224_ruptures,F_complex,0,254,NORMAL\19810304_ruptures,F_complex,0,254,NORMAL\19831028_ruptures,F_complex,0,254,NORMAL\19870302_ruptures,F_complex,0,254,NORMAL\20090406_ruptures,F_complex,0,254,NORMAL\20160824_ruptures,F_complex,0,254,NORMAL\20161030_ruptures,F_complex,0,254,NORMAL\20161201_ruptures,F_complex,0,254,REVERSE\19700310_ruptures,F_complex,0,254,REVERSE\19710209_ruptures,F_complex,0,254,REVERSE\19801010_ruptures,F_complex,0,254,REVERSE\19830611_ruptures,F_complex,0,254,REVERSE\19860330_ruptures,F_complex,0,254,REVERSE\19880122_ruptures,F_complex,0,254,REVERSE\19881207_ruptures,F_complex,0,254,REVERSE\19930929_ruptures,F_complex,0,254,REVERSE\19990920_ruptures,F_complex,0,254,REVERSE\20051008_ruptures,F_complex,0,254,REVERSE\20080512_ruptures,F_complex,0,254,REVERSE\20120323_ruptures,F_complex,0,254,REVERSE\20141122_ruptures,F_complex,0,254,REVERSE\20160520_ruptures,F_complex,0,254,REVERSE\20191111_ruptures,F_complex,0,254,STRIKE-SLIP\18720326_ruptures,F_complex,0,50,STRIKE-SLIP\19950116_ruptures,F_complex,0,30,STRIKE-SLIP\19990817_ruptures,F_complex,0,15,STRIKE-SLIP\20021103_ruptures,F_complex,0,15,STRIKE-SLIP\20140824_ruptures,F_complex,0,15,STRIKE-SLIP\20160415_ruptures,F_complex,0,15;Paleoeqs "Paleoeqs" true true false 254 Text 0 0,First,#,NORMAL\18870503_ruptures,Paleoeqs,0,254,NORMAL\19151003_ruptures,Paleoeqs,0,254,NORMAL\19461110_ruptures,Paleoeqs,0,254,NORMAL\19501214_ruptures,Paleoeqs,0,254,NORMAL\19541216_ruptures,Paleoeqs,0,254,NORMAL\19541217_ruptures,Paleoeqs,0,254,NORMAL\19590818_ruptures,Paleoeqs,0,254,NORMAL\19750801_ruptures,Paleoeqs,0,254,NORMAL\19780620_ruptures,Paleoeqs,0,254,NORMAL\19800525_ruptures,Paleoeqs,0,254,NORMAL\19810224_ruptures,Paleoeqs,0,254,NORMAL\19810304_ruptures,Paleoeqs,0,254,NORMAL\19831028_ruptures,Paleoeqs,0,254,NORMAL\19870302_ruptures,Paleoeqs,0,254,NORMAL\20090406_ruptures,Paleoeqs,0,254,NORMAL\20160824_ruptures,Paleoeqs,0,254,NORMAL\20161030_ruptures,Paleoeqs,0,254,NORMAL\20161201_ruptures,Paleoeqs,0,254,REVERSE\19700310_ruptures,Paleoeqs,0,254,REVERSE\19710209_ruptures,Paleoeqs,0,254,REVERSE\19801010_ruptures,Paleoeqs,0,254,REVERSE\19830611_ruptures,Paleoeqs,0,254,REVERSE\19860330_ruptures,Paleoeqs,0,254,REVERSE\19880122_ruptures,Paleoeqs,0,254,REVERSE\19881207_ruptures,Paleoeqs,0,254,REVERSE\19930929_ruptures,Paleoeqs,0,254,REVERSE\19990920_ruptures,Paleoeqs,0,254,REVERSE\20051008_ruptures,Paleoeqs,0,254,REVERSE\20080512_ruptures,Paleoeqs,0,254,REVERSE\20120323_ruptures,Paleoeqs,0,254,REVERSE\20141122_ruptures,Paleoeqs,0,254,REVERSE\20160520_ruptures,Paleoeqs,0,254,REVERSE\20191111_ruptures,Paleoeqs,0,254,STRIKE-SLIP\18720326_ruptures,Paleoeqs,0,50,STRIKE-SLIP\19950116_ruptures,Paleoeqs,0,30,STRIKE-SLIP\19990817_ruptures,Paleoeqs,0,30,STRIKE-SLIP\20021103_ruptures,Paleoeqs,0,30,STRIKE-SLIP\20140824_ruptures,Paleoeqs,0,30,STRIKE-SLIP\20160415_ruptures,Paleoeqs,0,30;Slip_rate "Slip_rate" true true false 254 Text 0 0,First,#,NORMAL\18870503_ruptures,Slip_rate,0,254,NORMAL\19151003_ruptures,Slip_rate,0,254,NORMAL\19461110_ruptures,Slip_rate,0,254,NORMAL\19501214_ruptures,Slip_rate,0,254,NORMAL\19541216_ruptures,Slip_rate,0,254,NORMAL\19541217_ruptures,Slip_rate,0,254,NORMAL\19590818_ruptures,Slip_rate,0,254,NORMAL\19750801_ruptures,Slip_rate,0,254,NORMAL\19780620_ruptures,Slip_rate,0,254,NORMAL\19800525_ruptures,Slip_rate,0,254,NORMAL\19810224_ruptures,Slip_rate,0,254,NORMAL\19810304_ruptures,Slip_rate,0,254,NORMAL\19831028_ruptures,Slip_rate,0,254,NORMAL\19870302_ruptures,Slip_rate,0,254,NORMAL\20090406_ruptures,Slip_rate,0,254,NORMAL\20160824_ruptures,Slip_rate,0,254,NORMAL\20161030_ruptures,Slip_rate,0,254,NORMAL\20161201_ruptures,Slip_rate,0,254,REVERSE\19700310_ruptures,Slip_rate,0,254,REVERSE\19710209_ruptures,Slip_rate,0,254,REVERSE\19801010_ruptures,Slip_rate,0,254,REVERSE\19830611_ruptures,Slip_rate,0,254,REVERSE\19860330_ruptures,Slip_rate,0,254,REVERSE\19880122_ruptures,Slip_rate,0,254,REVERSE\19881207_ruptures,Slip_rate,0,254,REVERSE\19930929_ruptures,Slip_rate,0,254,REVERSE\19990920_ruptures,Slip_rate,0,254,REVERSE\20051008_ruptures,Slip_rate,0,254,REVERSE\20080512_ruptures,Slip_rate,0,254,REVERSE\20120323_ruptures,Slip_rate,0,254,REVERSE\20141122_ruptures,Slip_rate,0,254,REVERSE\20160520_ruptures,Slip_rate,0,254,REVERSE\20191111_ruptures,Slip_rate,0,254,STRIKE-SLIP\18720326_ruptures,Slip_rate,0,25,STRIKE-SLIP\19950116_ruptures,Slip_rate,0,10,STRIKE-SLIP\19990817_ruptures,Slip_rate,0,10,STRIKE-SLIP\20021103_ruptures,Slip_rate,0,10,STRIKE-SLIP\20140824_ruptures,Slip_rate,0,10,STRIKE-SLIP\20160415_ruptures,Slip_rate,0,10;References "References" true true false 254 Text 0 0,First,#,NORMAL\18870503_ruptures,References,0,254,NORMAL\19151003_ruptures,References,0,254,NORMAL\19461110_ruptures,References,0,254,NORMAL\19501214_ruptures,References,0,254,NORMAL\19541216_ruptures,References,0,254,NORMAL\19541217_ruptures,References,0,254,NORMAL\19590818_ruptures,References,0,254,NORMAL\19750801_ruptures,References,0,254,NORMAL\19780620_ruptures,References,0,254,NORMAL\19800525_ruptures,References,0,254,NORMAL\19810224_ruptures,References,0,254,NORMAL\19810304_ruptures,References,0,254,NORMAL\19831028_ruptures,References,0,254,NORMAL\19870302_ruptures,References,0,254,NORMAL\20090406_ruptures,References,0,254,NORMAL\20160824_ruptures,References,0,254,NORMAL\20161030_ruptures,References,0,254,NORMAL\20161201_ruptures,References,0,254,REVERSE\19110103_ruptures,References,0,40,REVERSE\19700310_ruptures,References,0,254,REVERSE\19710209_ruptures,References,0,254,REVERSE\19801010_ruptures,References,0,254,REVERSE\19830611_ruptures,References,0,254,REVERSE\19860330_ruptures,References,0,254,REVERSE\19880122_ruptures,References,0,254,REVERSE\19881207_ruptures,References,0,254,REVERSE\19930929_ruptures,References,0,254,REVERSE\19990920_ruptures,References,0,254,REVERSE\20051008_ruptures,References,0,254,REVERSE\20080512_ruptures,References,0,254,REVERSE\20120323_ruptures,References,0,254,REVERSE\20141122_ruptures,References,0,254,REVERSE\20160520_ruptures,References,0,254,REVERSE\20191111_ruptures,References,0,254,STRIKE-SLIP\18720326_ruptures,References,0,50,STRIKE-SLIP\19680409_ruptures,References,0,40,STRIKE-SLIP\19791015_ruptures,References,0,40,STRIKE-SLIP\19871124_ruptures,References,0,30,STRIKE-SLIP\19920628_ruptures,References,0,40,STRIKE-SLIP\19950116_ruptures,References,0,50,STRIKE-SLIP\19990817_ruptures,References,0,50,STRIKE-SLIP\19991016_ruptures,References,0,40,STRIKE-SLIP\20021103_ruptures,References,0,50,STRIKE-SLIP\20100404_ruptures,References,0,40,STRIKE-SLIP\20100903_ruptures,References,0,40,STRIKE-SLIP\20140824_ruptures,References,0,50,STRIKE-SLIP\20160415_ruptures,References,0,50,STRIKE-SLIP\20190704_ruptures,References,0,40,STRIKE-SLIP\20190705_ruptures,References,0,40;Auth_rank "Auth_rank" true true false 10 Long 0 10,First,#,NORMAL\18870503_ruptures,Auth_rank,-1,-1,NORMAL\19151003_ruptures,Auth_rank,-1,-1,NORMAL\19461110_ruptures,Auth_rank,-1,-1,NORMAL\19501214_ruptures,Auth_rank,-1,-1,NORMAL\19541216_ruptures,Auth_Rank,-1,-1,NORMAL\19541217_ruptures,Auth_Rank,-1,-1,NORMAL\19590818_ruptures,Auth_Rank,-1,-1,NORMAL\19750801_ruptures,Auth_Rank,-1,-1,NORMAL\19780620_ruptures,Auth_Rank,-1,-1,NORMAL\19800525_ruptures,Auth_Rank,-1,-1,NORMAL\19810224_ruptures,Auth_Rank,-1,-1,NORMAL\19810304_ruptures,Auth_Rank,-1,-1,NORMAL\19831028_ruptures,Auth_Rank,-1,-1,NORMAL\19870302_ruptures,Auth_Rank,-1,-1,NORMAL\20090406_ruptures,Auth_Rank,-1,-1,NORMAL\20160824_ruptures,Auth_Rank,-1,-1,NORMAL\20161030_ruptures,Auth_Rank,-1,-1,NORMAL\20161201_ruptures,Auth_Rank,-1,-1,REVERSE\19700310_ruptures,Auth_rank,-1,-1,REVERSE\19710209_ruptures,Auth_rank,-1,-1,REVERSE\19801010_ruptures,Auth_rank,-1,-1,REVERSE\19830611_ruptures,Auth_rank,-1,-1,REVERSE\19860330_ruptures,Auth_rank,-1,-1,REVERSE\19880122_ruptures,Auth_rank,-1,-1,REVERSE\19881207_ruptures,Auth_rank,-1,-1,REVERSE\19930929_ruptures,Auth_rank,-1,-1,REVERSE\19990920_ruptures,Auth_rank,-1,-1,REVERSE\20051008_ruptures,Auth_rank,-1,-1,REVERSE\20080512_ruptures,Auth_rank,-1,-1,REVERSE\20120323_ruptures,Auth_rank,-1,-1,REVERSE\20141122_ruptures,Auth_rank,-1,-1,REVERSE\20160520_ruptures,Auth_rank,-1,-1,REVERSE\20191111_ruptures,Auth_rank,-1,-1,STRIKE-SLIP\18720326_ruptures,Auth_Rank,-1,-1,STRIKE-SLIP\20160415_ruptures,Auth_Rank,-1,-1;Comp_rank "Comp_rank" true true false 13 Float 0 0,First,#,NORMAL\18870503_ruptures,Comp_rank,-1,-1,NORMAL\19151003_ruptures,Comp_rank,-1,-1,NORMAL\19461110_ruptures,Comp_rank,-1,-1,NORMAL\19501214_ruptures,Comp_rank,-1,-1,NORMAL\19541216_ruptures,Comp_Rank,-1,-1,NORMAL\19541217_ruptures,Comp_Rank,-1,-1,NORMAL\19590818_ruptures,Comp_Rank,-1,-1,NORMAL\19750801_ruptures,Comp_Rank,-1,-1,NORMAL\19780620_ruptures,Comp_Rank,-1,-1,NORMAL\19800525_ruptures,Comp_Rank,-1,-1,NORMAL\19810224_ruptures,Comp_Rank,-1,-1,NORMAL\19810304_ruptures,Comp_Rank,-1,-1,NORMAL\19831028_ruptures,Comp_Rank,-1,-1,NORMAL\19870302_ruptures,Comp_Rank,-1,-1,NORMAL\20090406_ruptures,Comp_Rank,-1,-1,NORMAL\20160824_ruptures,Comp_Rank,-1,-1,NORMAL\20161030_ruptures,Comp_Rank,-1,-1,NORMAL\20161201_ruptures,Comp_Rank,-1,-1,REVERSE\19110103_ruptures,Comp_Rank,-1,-1,REVERSE\19700310_ruptures,Comp_rank,-1,-1,REVERSE\19710209_ruptures,Comp_rank,-1,-1,REVERSE\19801010_ruptures,Comp_rank,-1,-1,REVERSE\19830611_ruptures,Comp_rank,-1,-1,REVERSE\19860330_ruptures,Comp_rank,-1,-1,REVERSE\19880122_ruptures,Comp_rank,-1,-1,REVERSE\19881207_ruptures,Comp_rank,-1,-1,REVERSE\19930929_ruptures,Comp_rank,-1,-1,REVERSE\19990920_ruptures,Comp_rank,-1,-1,REVERSE\20051008_ruptures,Comp_rank,-1,-1,REVERSE\20080512_ruptures,Comp_rank,-1,-1,REVERSE\20120323_ruptures,Comp_rank,-1,-1,REVERSE\20141122_ruptures,Comp_rank,-1,-1,REVERSE\20160520_ruptures,Comp_rank,-1,-1,REVERSE\20191111_ruptures,Comp_rank,-1,-1,STRIKE-SLIP\18720326_ruptures,Comp_Rank,-1,-1,STRIKE-SLIP\19680409_ruptures,Comp_rank,-1,-1,STRIKE-SLIP\19791015_ruptures,Comp_rank,-1,-1,STRIKE-SLIP\19871124_ruptures,Comp_rank,-1,-1,STRIKE-SLIP\19920628_ruptures,Comp_rank,-1,-1,STRIKE-SLIP\19950116_ruptures,Comp_rank,-1,-1,STRIKE-SLIP\19990817_ruptures,Comp_rank,-1,-1,STRIKE-SLIP\19991016_ruptures,Comp_rank,-1,-1,STRIKE-SLIP\20021103_ruptures,Comp_rank,-1,-1,STRIKE-SLIP\20100326_ruptures,Comp_rank,-1,-1,STRIKE-SLIP\20100404_ruptures,Comp_rank,-1,-1,STRIKE-SLIP\20100903_ruptures,Comp_rank,-1,-1,STRIKE-SLIP\20140824_ruptures,Comp_Rank,-1,-1,STRIKE-SLIP\20160415_ruptures,Comp_rank,-1,-1,STRIKE-SLIP\20190704_ruptures,Comp_Rank,-1,-1,STRIKE-SLIP\20190705_ruptures,Comp_Rank,-1,-1;HW_FW_PF "HW_FW_PF" true true false 254 Text 0 0,First,#,NORMAL\18870503_ruptures,HW_FW_PF,0,254,NORMAL\19151003_ruptures,HW_FW_PF,0,254,NORMAL\19461110_ruptures,HW_FW_PF,0,254,NORMAL\19501214_ruptures,HW_FW_PF,0,254,NORMAL\19541216_ruptures,HW_FW_PF,0,2,NORMAL\19541217_ruptures,HW_FW_PF,0,2,NORMAL\19590818_ruptures,HW_FW_PF,0,2,NORMAL\19750801_ruptures,HW_FW_PF,0,2,NORMAL\19780620_ruptures,HW_FW_PF,0,2,NORMAL\19800525_ruptures,HW_FW_PF,0,2,NORMAL\19810224_ruptures,HW_FW_PF,0,2,NORMAL\19810304_ruptures,HW_FW_PF,0,2,NORMAL\19831028_ruptures,HW_FW_PF,0,2,NORMAL\19870302_ruptures,HW_FW_PF,0,2,NORMAL\20090406_ruptures,HW_FW_PF,0,2,NORMAL\20160824_ruptures,HW_FW_PF,0,2,NORMAL\20161030_ruptures,HW_FW_PF,0,2,NORMAL\20161201_ruptures,HW_FW_PF,0,2,REVERSE\19110103_ruptures,HW_FW_PF,0,254,REVERSE\19700310_ruptures,HW_FW_PF,0,254,REVERSE\19710209_ruptures,HW_FW_PF,0,254,REVERSE\19801010_ruptures,HW_FW_PF,0,254,REVERSE\19830611_ruptures,HW_FW_PF,0,254,REVERSE\19860330_ruptures,HW_FW_PF,0,254,REVERSE\19880122_ruptures,HW_FW_PF,0,254,REVERSE\19881207_ruptures,HW_FW_PF,0,254,REVERSE\19930929_ruptures,HW_FW_PF,0,254,REVERSE\19990920_ruptures,HW_FW_PF,0,254,REVERSE\20051008_ruptures,HW_FW_PF,0,254,REVERSE\20080512_ruptures,HW_FW_PF,0,254,REVERSE\20120323_ruptures,HW_FW_PF,0,254,REVERSE\20141122_ruptures,HW_FW_PF,0,254,REVERSE\20160520_ruptures,HW_FW_PF,0,254,REVERSE\20191111_ruptures,HW_FW_PF,0,254;HW_FW_near "HW_FW_near" true true false 254 Text 0 0,First,#,NORMAL\18870503_ruptures,HW_FW_near,0,254,NORMAL\19151003_ruptures,HW_FW_near,0,254,NORMAL\19461110_ruptures,HW_FW_near,0,254,NORMAL\19501214_ruptures,HW_FW_near,0,254,NORMAL\19541216_ruptures,HW_FW_near,0,2,NORMAL\19541217_ruptures,HW_FW_near,0,2,NORMAL\19590818_ruptures,HW_FW_near,0,2,NORMAL\19750801_ruptures,HW_FW_near,0,2,NORMAL\19780620_ruptures,HW_FW_near,0,2,NORMAL\19800525_ruptures,HW_FW_near,0,2,NORMAL\19810224_ruptures,HW_FW_near,0,2,NORMAL\19810304_ruptures,HW_FW_near,0,2,NORMAL\19831028_ruptures,HW_FW_near,0,2,NORMAL\19870302_ruptures,HW_FW_near,0,2,NORMAL\20090406_ruptures,HW_FW_near,0,2,NORMAL\20160824_ruptures,HW_FW_near,0,2,NORMAL\20161030_ruptures,HW_FW_near,0,2,NORMAL\20161201_ruptures,HW_FW_near,0,2,REVERSE\19110103_ruptures,HW_FW_near,0,254,REVERSE\19700310_ruptures,HW_FW_near,0,254,REVERSE\19710209_ruptures,HW_FW_near,0,254,REVERSE\19801010_ruptures,HW_FW_near,0,254,REVERSE\19830611_ruptures,HW_FW_near,0,254,REVERSE\19860330_ruptures,HW_FW_near,0,254,REVERSE\19880122_ruptures,HW_FW_near,0,254,REVERSE\19881207_ruptures,HW_FW_near,0,254,REVERSE\19930929_ruptures,HW_FW_near,0,254,REVERSE\19990920_ruptures,HW_FW_near,0,254,REVERSE\20051008_ruptures,HW_FW_near,0,254,REVERSE\20080512_ruptures,HW_FW_near,0,254,REVERSE\20120323_ruptures,HW_FW_near,0,254,REVERSE\20141122_ruptures,HW_FW_near,0,254,REVERSE\20160520_ruptures,HW_FW_near,0,254,REVERSE\20191111_ruptures,HW_FW_near,0,254;Geom_rev "Geom_rev" true true false 254 Text 0 0,First,#,NORMAL\18870503_ruptures,Geom_rev,0,254,NORMAL\19151003_ruptures,Geom_rev,0,254,NORMAL\19461110_ruptures,Geom_Rev,0,254,NORMAL\19501214_ruptures,Geom_Rev,0,254,NORMAL\19541216_ruptures,Geom_rev,0,254,NORMAL\19541217_ruptures,Geom_rev,0,254,NORMAL\19590818_ruptures,Geom_rev,0,254,NORMAL\19750801_ruptures,Geom_rev,0,254,NORMAL\19780620_ruptures,Geom_rev,0,254,NORMAL\19800525_ruptures,Geom_rev,0,254,NORMAL\19810224_ruptures,Geom_rev,0,254,NORMAL\19810304_ruptures,Geom_rev,0,254,NORMAL\19831028_ruptures,Geom_rev,0,254,NORMAL\19870302_ruptures,Geom_rev,0,254,NORMAL\20090406_ruptures,Geom_rev,0,254,NORMAL\20160824_ruptures,Geom_rev,0,254,NORMAL\20161030_ruptures,Geom_rev,0,254,NORMAL\20161201_ruptures,Geom_rev,0,254,REVERSE\19110103_ruptures,Geom_Rev,0,10,REVERSE\19700310_ruptures,Geom_rev,0,254,REVERSE\19710209_ruptures,Geom_rev,0,254,REVERSE\19801010_ruptures,Geom_rev,0,254,REVERSE\19830611_ruptures,Geom_rev,0,254,REVERSE\19860330_ruptures,Geom_Rev,0,254,REVERSE\19880122_ruptures,Geom_rev,0,254,REVERSE\19881207_ruptures,Geom_rev,0,254,REVERSE\19930929_ruptures,Geom_rev,0,254,REVERSE\19990920_ruptures,Geom_rev,0,254,REVERSE\20051008_ruptures,Geom_rev,0,254,REVERSE\20080512_ruptures,Geom_rev,0,254,REVERSE\20120323_ruptures,Geom_rev,0,254,REVERSE\20141122_ruptures,Geom_rev,0,254,REVERSE\20160520_ruptures,Geom_Rev,0,254,REVERSE\20191111_ruptures,Geom_rev,0,254,STRIKE-SLIP\18720326_ruptures,Geom_Rev,0,9,STRIKE-SLIP\19680409_ruptures,Geom_Rev,0,3,STRIKE-SLIP\19791015_ruptures,Geom_Rev,0,3,STRIKE-SLIP\19871124_ruptures,Geom_Rev,0,3,STRIKE-SLIP\19920628_ruptures,Geom_Rev,0,3,STRIKE-SLIP\19950116_ruptures,Geom_Rev,0,10,STRIKE-SLIP\19990817_ruptures,Geom_Rev,0,10,STRIKE-SLIP\19991016_ruptures,Geom_Rev,0,3,STRIKE-SLIP\20021103_ruptures,Geom_Rev,0,10,STRIKE-SLIP\20100404_ruptures,Geom_Rev,0,3,STRIKE-SLIP\20100903_ruptures,Geom_Rev,0,10,STRIKE-SLIP\20140824_ruptures,Geom_Rev,0,10,STRIKE-SLIP\20160415_ruptures,Geom_Rev,0,10,STRIKE-SLIP\20190704_ruptures,Geom_Rev,0,3,STRIKE-SLIP\20190705_ruptures,Geom_Rev,0,3;IdS_PF "IdS_PF" true true false 10 Long 0 10,First,#,NORMAL\18870503_ruptures,IdS_PF,-1,-1,NORMAL\19151003_ruptures,IdS_PF,-1,-1,NORMAL\19461110_ruptures,IdS_PF,-1,-1,NORMAL\19501214_ruptures,IdS_PF,-1,-1,NORMAL\19541216_ruptures,IdS_PF,-1,-1,NORMAL\19541217_ruptures,IdS_PF,-1,-1,NORMAL\19590818_ruptures,IdS_PF,-1,-1,NORMAL\19750801_ruptures,IdS_PF,-1,-1,NORMAL\19780620_ruptures,IdS_PF,-1,-1,NORMAL\19800525_ruptures,IdS_PF,-1,-1,NORMAL\19810224_ruptures,IdS_PF,-1,-1,NORMAL\19810304_ruptures,IdS_PF,-1,-1,NORMAL\19831028_ruptures,IdS_PF,-1,-1,NORMAL\19870302_ruptures,IdS_PF,-1,-1,NORMAL\20090406_ruptures,IdS_PF,-1,-1,NORMAL\20160824_ruptures,IdS_PF,-1,-1,NORMAL\20161030_ruptures,IdS_PF,-1,-1,NORMAL\20161201_ruptures,IdS_PF,-1,-1,REVERSE\19700310_ruptures,IdS_PF,-1,-1,REVERSE\19710209_ruptures,IdS_PF,-1,-1,REVERSE\19801010_ruptures,IdS_PF,-1,-1,REVERSE\19830611_ruptures,IdS_PF,-1,-1,REVERSE\19860330_ruptures,IdS_PF,-1,-1,REVERSE\19880122_ruptures,IdS_PF,-1,-1,REVERSE\19881207_ruptures,IdS_PF,-1,-1,REVERSE\19930929_ruptures,IdS_PF,-1,-1,REVERSE\19990920_ruptures,IdS_PF,-1,-1,REVERSE\20051008_ruptures,IdS_PF,-1,-1,REVERSE\20080512_ruptures,IdS_PF,-1,-1,REVERSE\20120323_ruptures,IdS_PF,-1,-1,REVERSE\20141122_ruptures,IdS_PF,-1,-1,REVERSE\20160520_ruptures,IdS_PF,-1,-1,REVERSE\20191111_ruptures,IdS_PF,-1,-1,STRIKE-SLIP\18720326_ruptures,IdS_PF,-1,-1,STRIKE-SLIP\19950116_ruptures,IdS_PF,-1,-1,STRIKE-SLIP\19990817_ruptures,IdS_PF,-1,-1,STRIKE-SLIP\20021103_ruptures,IdS_PF,-1,-1,STRIKE-SLIP\20140824_ruptures,IdS_PF,-1,-1,STRIKE-SLIP\20160415_ruptures,IdS_PF,-1,-1;Shape_Leng "Shape_Leng" true true false 19 Double 11 18,First,#,NORMAL\19541216_ruptures,Shape_Leng,-1,-1,NORMAL\19541217_ruptures,Shape_Leng,-1,-1,NORMAL\19750801_ruptures,Shape_Leng,-1,-1,NORMAL\19780620_ruptures,Shape_Leng,-1,-1,NORMAL\19800525_ruptures,Shape_Leng,-1,-1,NORMAL\19810224_ruptures,Shape_Leng,-1,-1,NORMAL\19810304_ruptures,Shape_Leng,-1,-1,NORMAL\19831028_ruptures,Shape_Leng,-1,-1,NORMAL\19870302_ruptures,Shape_Leng,-1,-1,NORMAL\20090406_ruptures,Shape_Leng,-1,-1,NORMAL\20160824_ruptures,Shape_Leng,-1,-1,NORMAL\20161030_ruptures,Shape_Leng,-1,-1,NORMAL\20161201_ruptures,Shape_Leng,-1,-1" NO_SOURCE_INFO</Process><Process ToolSource="c:\program files\arcgis\pro\Resources\ArcToolbox\Toolboxes\Data Management Tools.tbx\UpdateSchema" Date="20220415" Time="161850">UpdateSchema "CIMDATA=&lt;CIMStandardDataConnection xsi:type='typens:CIMStandardDataConnection' xmlns:xsi='http://www.w3.org/2001/XMLSchema-instance' xmlns:xs='http://www.w3.org/2001/XMLSchema' xmlns:typens='http://www.esri.com/schemas/ArcGIS/2.4.0'&gt;&lt;WorkspaceConnectionString&gt;DATABASE=C:\Users\PhD Student EEH\Desktop\SURE 2.0 final\Control\Control.gdb&lt;/WorkspaceConnectionString&gt;&lt;WorkspaceFactory&gt;FileGDB&lt;/WorkspaceFactory&gt;&lt;Dataset&gt;SURE2&lt;/Dataset&gt;&lt;DatasetType&gt;esriDTFeatureClass&lt;/DatasetType&gt;&lt;/CIMStandardDataConnection&gt;" &lt;operationSequence&gt;&lt;workflow&gt;&lt;DeleteField&gt;&lt;field_name&gt;Shape_Leng&lt;/field_name&gt;&lt;/DeleteField&gt;&lt;/workflow&gt;&lt;/operationSequence&gt;</Process><Process ToolSource="c:\program files\arcgis\pro\Resources\ArcToolbox\toolboxes\Conversion Tools.tbx\FeatureClassToFeatureClass" Date="20220415" Time="162213">FeatureClassToFeatureClass SURE2 "C:\Users\PhD Student EEH\Desktop\SURE 2.0 final" SURE2_ruptures.shp # "IdE "IdE" true true false 4 Long 0 0,First,#,SURE2,IdE,-1,-1;IdE_IdS "IdE_IdS" true true false 254 Text 0 0,First,#,SURE2,IdE_IdS,0,254;IdS "IdS" true true false 4 Long 0 0,First,#,SURE2,IdS,-1,-1;F_section "F_section" true true false 254 Text 0 0,First,#,SURE2,F_section,0,254;Length "Length" true true false 4 Float 0 0,First,#,SURE2,Length,-1,-1;Strike "Strike" true true false 4 Long 0 0,First,#,SURE2,Strike,-1,-1;Dip "Dip" true true false 4 Long 0 0,First,#,SURE2,Dip,-1,-1;Cover_bed "Cover_bed" true true false 254 Text 0 0,First,#,SURE2,Cover_bed,0,254;F_complex "F_complex" true true false 254 Text 0 0,First,#,SURE2,F_complex,0,254;Auth_rank "Auth_rank" true true false 4 Long 0 0,First,#,SURE2,Auth_rank,-1,-1;Comp_rank "Comp_rank" true true false 4 Float 0 0,First,#,SURE2,Comp_rank,-1,-1;HW_FW_PF "HW_FW_PF" true true false 254 Text 0 0,First,#,SURE2,HW_FW_PF,0,254;HW_FW_near "HW_FW_near" true true false 254 Text 0 0,First,#,SURE2,HW_FW_near,0,254;Paleoeqs "Paleoeqs" true true false 254 Text 0 0,First,#,SURE2,Paleoeqs,0,254;Slip_rate "Slip_rate" true true false 254 Text 0 0,First,#,SURE2,Slip_rate,0,254;References "References" true true false 254 Text 0 0,First,#,SURE2,References,0,254;Geom_rev "Geom_rev" true true false 254 Text 0 0,First,#,SURE2,Geom_rev,0,254;IdS_PF "IdS_PF" true true false 4 Long 0 0,First,#,SURE2,IdS_PF,-1,-1;Shape_Leng "Shape_Length" false true true 8 Double 0 0,First,#,SURE2,Shape_Length,-1,-1" #</Process></lineage><itemProps><itemName Sync="TRUE">SURE2_ruptures</itemName><imsContentType Sync="TRUE">002</imsContentType><itemSize Sync="TRUE">0.000</itemSize><itemLocation><linkage Sync="TRUE">file://\\LAPTOP-I7BD1K55\C$\Users\PhD Student EEH\Desktop\SURE 2.0 final\SURE2_ruptures.shp</linkage><protocol Sync="TRUE">Local Area Network</protocol></itemLocation></itemProps><coordRef><type Sync="TRUE">Geographic</type><geogcsn Sync="TRUE">GCS_WGS_1984</geogcsn><csUnits Sync="TRUE">Angular Unit: Degree (0.017453)</csUnits><peXml Sync="TRUE">&lt;GeographicCoordinateSystem xsi:type='typens:GeographicCoordinateSystem' xmlns:xsi='http://www.w3.org/2001/XMLSchema-instance' xmlns:xs='http://www.w3.org/2001/XMLSchema' xmlns:typens='http://www.esri.com/schemas/ArcGIS/2.4.0'&gt;&lt;WKT&gt;GEOGCS[&amp;quot;GCS_WGS_1984&amp;quot;,DATUM[&amp;quot;D_WGS_1984&amp;quot;,SPHEROID[&amp;quot;WGS_1984&amp;quot;,6378137.0,298.257223563]],PRIMEM[&amp;quot;Greenwich&amp;quot;,0.0],UNIT[&amp;quot;Degree&amp;quot;,0.0174532925199433],AUTHORITY[&amp;quot;EPSG&amp;quot;,4326]]&lt;/WKT&gt;&lt;XOrigin&gt;-400&lt;/XOrigin&gt;&lt;YOrigin&gt;-400&lt;/YOrigin&gt;&lt;XYScale&gt;11258999068426.238&lt;/XYScale&gt;&lt;ZOrigin&gt;-100000&lt;/ZOrigin&gt;&lt;ZScale&gt;10000&lt;/ZScale&gt;&lt;MOrigin&gt;-100000&lt;/MOrigin&gt;&lt;MScale&gt;10000&lt;/MScale&gt;&lt;XYTolerance&gt;8.983152841195215e-09&lt;/XYTolerance&gt;&lt;ZTolerance&gt;0.001&lt;/ZTolerance&gt;&lt;MTolerance&gt;0.001&lt;/MTolerance&gt;&lt;HighPrecision&gt;true&lt;/HighPrecision&gt;&lt;LeftLongitude&gt;-180&lt;/LeftLongitude&gt;&lt;WKID&gt;4326&lt;/WKID&gt;&lt;LatestWKID&gt;4326&lt;/LatestWKID&gt;&lt;/GeographicCoordinateSystem&gt;</peXml></coordRef><copyHistory><copy source="K:\My Drive\PROGETTI\SURFACE_Project\SURE_2.0\Shapefiles_2.0\Sonora\Sonora_18870503_FRC_RC_lines" dest="\\RICCARDO-C-XPS\K\My Drive\PROGETTI\SURFACE_Project\SURE_2.0\Shapefiles_2.0\Sonora\upload\Sonora_18870503_FRC_RC_lines" date="20210303" time="16335000"></copy></copyHistory></DataProperties><SyncDate>20220415</SyncDate><SyncTime>16215800</SyncTime><ModDate>20220415</ModDate><ModTime>16215800</ModTime></Esri><dataIdInfo><envirDesc Sync="TRUE">Microsoft Windows 10 Version 10.0 (Build 22000) ; Esri ArcGIS 12.4.2.19948</envirDesc><dataLang><languageCode value="eng" Sync="TRUE"></languageCode><countryCode value="GBR" Sync="TRUE"></countryCode></dataLang><idCitation><resTitle Sync="TRUE">SURE2_ruptures</resTitle><presForm><PresFormCd value="005" Sync="TRUE"></PresFormCd></presForm></idCitation><spatRpType><SpatRepTypCd value="001" Sync="TRUE"></SpatRepTypCd></spatRpType></dataIdInfo><mdLang><languageCode value="eng" Sync="TRUE"></languageCode><countryCode value="GBR" Sync="TRUE"></countryCode></mdLang><mdChar><CharSetCd value="004" Sync="TRUE"></CharSetCd></mdChar><distInfo><distFormat><formatName Sync="TRUE">Shapefile</formatName></distFormat><distTranOps><transSize Sync="TRUE">0.000</transSize></distTranOps></distInfo><mdHrLv><ScopeCd value="005" Sync="TRUE"></ScopeCd></mdHrLv><mdHrLvName Sync="TRUE">dataset</mdHrLvName><refSysInfo><RefSystem><refSysID><identCode code="4326" Sync="TRUE"></identCode><idCodeSpace Sync="TRUE">EPSG</idCodeSpace><idVersion Sync="TRUE">6.14(3.0.1)</idVersion></refSysID></RefSystem></refSysInfo><spatRepInfo><VectSpatRep><geometObjs Name="SURE2_ruptures"><geoObjTyp><GeoObjTypCd value="002" Sync="TRUE"></GeoObjTypCd></geoObjTyp><geoObjCnt Sync="TRUE">0</geoObjCnt></geometObjs><topLvl><TopoLevCd value="001" Sync="TRUE"></TopoLevCd></topLvl></VectSpatRep></spatRepInfo><spdoinfo><ptvctinf><esriterm Name="SURE2_ruptures"><efeatyp Sync="TRUE">Simple</efeatyp><efeageom code="3" Sync="TRUE"></efeageom><esritopo Sync="TRUE">FALSE</esritopo><efeacnt Sync="TRUE">0</efeacnt><spindex Sync="TRUE">FALSE</spindex><linrefer Sync="TRUE">FALSE</linrefer></esriterm></ptvctinf></spdoinfo><eainfo><detailed Name="SURE2_ruptures"><enttyp><enttypl Sync="TRUE">SURE2_ruptures</enttypl><enttypt Sync="TRUE">Feature Class</enttypt><enttypc Sync="TRUE">0</enttypc></enttyp><attr><attrlabl Sync="TRUE">FID</attrlabl><attalias Sync="TRUE">FID</attalias><attrtype Sync="TRUE">OID</attrtype><attwidth Sync="TRUE">4</attwidth><atprecis Sync="TRUE">0</atprecis><attscale Sync="TRUE">0</attscale><attrdef Sync="TRUE">Internal feature number.</attrdef><attrdefs Sync="TRUE">Esri</attrdefs><attrdomv><udom Sync="TRUE">Sequential unique whole numbers that are automatically generated.</udom></attrdomv></attr><attr><attrlabl Sync="TRUE">Shape</attrlabl><attalias Sync="TRUE">Shape</attalias><attrtype Sync="TRUE">Geometry</attrtype><attwidth Sync="TRUE">0</attwidth><atprecis Sync="TRUE">0</atprecis><attscale Sync="TRUE">0</attscale><attrdef Sync="TRUE">Feature geometry.</attrdef><attrdefs Sync="TRUE">Esri</attrdefs><attrdomv><udom Sync="TRUE">Coordinates defining the features.</udom></attrdomv></attr><attr><attrlabl Sync="TRUE">IdE</attrlabl><attalias Sync="TRUE">IdE</attalias><attrtype Sync="TRUE">Integer</attrtype><attwidth Sync="TRUE">10</attwidth><atprecis Sync="TRUE">10</atprecis><attscale Sync="TRUE">0</attscale></attr><attr><attrlabl Sync="TRUE">Comp_Rank</attrlabl><attalias Sync="TRUE">Comp_rank</attalias><attrtype Sync="TRUE">Single</attrtype><attwidth Sync="TRUE">13</attwidth><atprecis Sync="TRUE">0</atprecis><attscale Sync="TRUE">0</attscale></attr><attr><attrlabl Sync="TRUE">IdE_IdS</attrlabl><attalias Sync="TRUE">IdE_IdS</attalias><attrtype Sync="TRUE">String</attrtype><attwidth Sync="TRUE">254</attwidth><atprecis Sync="TRUE">0</atprecis><attscale Sync="TRUE">0</attscale></attr><attr><attrlabl Sync="TRUE">IdS</attrlabl><attalias Sync="TRUE">IdS</attalias><attrtype Sync="TRUE">Integer</attrtype><attwidth Sync="TRUE">10</attwidth><atprecis Sync="TRUE">10</atprecis><attscale Sync="TRUE">0</attscale></attr><attr><attrlabl Sync="TRUE">F_section</attrlabl><attalias Sync="TRUE">F_section</attalias><attrtype Sync="TRUE">String</attrtype><attwidth Sync="TRUE">254</attwidth><atprecis Sync="TRUE">0</atprecis><attscale Sync="TRUE">0</attscale></attr><attr><attrlabl Sync="TRUE">Strike</attrlabl><attalias Sync="TRUE">Strike</attalias><attrtype Sync="TRUE">Integer</attrtype><attwidth Sync="TRUE">10</attwidth><atprecis Sync="TRUE">10</atprecis><attscale Sync="TRUE">0</attscale></attr><attr><attrlabl Sync="TRUE">Dip</attrlabl><attalias Sync="TRUE">Dip</attalias><attrtype Sync="TRUE">Integer</attrtype><attwidth Sync="TRUE">10</attwidth><atprecis Sync="TRUE">10</atprecis><attscale Sync="TRUE">0</attscale></attr><attr><attrlabl Sync="TRUE">Cover_bed</attrlabl><attalias Sync="TRUE">Cover_bed</attalias><attrtype Sync="TRUE">String</attrtype><attwidth Sync="TRUE">254</attwidth><atprecis Sync="TRUE">0</atprecis><attscale Sync="TRUE">0</attscale></attr><attr><attrlabl Sync="TRUE">F_complex</attrlabl><attalias Sync="TRUE">F_complex</attalias><attrtype Sync="TRUE">String</attrtype><attwidth Sync="TRUE">254</attwidth><atprecis Sync="TRUE">0</atprecis><attscale Sync="TRUE">0</attscale></attr><attr><attrlabl Sync="TRUE">Paleoeqs</attrlabl><attalias Sync="TRUE">Paleoeqs</attalias><attrtype Sync="TRUE">String</attrtype><attwidth Sync="TRUE">254</attwidth><atprecis Sync="TRUE">0</atprecis><attscale Sync="TRUE">0</attscale></attr><attr><attrlabl Sync="TRUE">Slip_rate</attrlabl><attalias Sync="TRUE">Slip_rate</attalias><attrtype Sync="TRUE">String</attrtype><attwidth Sync="TRUE">254</attwidth><atprecis Sync="TRUE">0</atprecis><attscale Sync="TRUE">0</attscale></attr><attr><attrlabl Sync="TRUE">References</attrlabl><attalias Sync="TRUE">References</attalias><attrtype Sync="TRUE">String</attrtype><attwidth Sync="TRUE">254</attwidth><atprecis Sync="TRUE">0</atprecis><attscale Sync="TRUE">0</attscale></attr><attr><attrlabl Sync="TRUE">Auth_rank</attrlabl><attalias Sync="TRUE">Auth_rank</attalias><attrtype Sync="TRUE">Integer</attrtype><attwidth Sync="TRUE">10</attwidth><atprecis Sync="TRUE">10</atprecis><attscale Sync="TRUE">0</attscale></attr><attr><attrlabl Sync="TRUE">Length</attrlabl><attalias Sync="TRUE">Length</attalias><attrtype Sync="TRUE">Single</attrtype><attwidth Sync="TRUE">13</attwidth><atprecis Sync="TRUE">0</atprecis><attscale Sync="TRUE">0</attscale></attr><attr><attrlabl Sync="TRUE">HW_FW_PF</attrlabl><attalias Sync="TRUE">HW_FW_PF</attalias><attrtype Sync="TRUE">String</attrtype><attwidth Sync="TRUE">254</attwidth><atprecis Sync="TRUE">0</atprecis><attscale Sync="TRUE">0</attscale></attr><attr><attrlabl Sync="TRUE">HW_FW_near</attrlabl><attalias Sync="TRUE">HW_FW_near</attalias><attrtype Sync="TRUE">String</attrtype><attwidth Sync="TRUE">254</attwidth><atprecis Sync="TRUE">0</atprecis><attscale Sync="TRUE">0</attscale></attr><attr><attrlabl Sync="TRUE">Geom_rev</attrlabl><attalias Sync="TRUE">Geom_rev</attalias><attrtype Sync="TRUE">String</attrtype><attwidth Sync="TRUE">254</attwidth><atprecis Sync="TRUE">0</atprecis><attscale Sync="TRUE">0</attscale></attr><attr><attrlabl Sync="TRUE">IdS_PF</attrlabl><attalias Sync="TRUE">IdS_PF</attalias><attrtype Sync="TRUE">Integer</attrtype><attwidth Sync="TRUE">10</attwidth><atprecis Sync="TRUE">10</atprecis><attscale Sync="TRUE">0</attscale></attr><attr><attrlabl Sync="TRUE">Shape_Leng</attrlabl><attalias Sync="TRUE">Shape_Leng</attalias><attrtype Sync="TRUE">Double</attrtype><attwidth Sync="TRUE">19</attwidth><atprecis Sync="TRUE">0</atprecis><attscale Sync="TRUE">0</attscale></attr></detailed></eainfo><mdDateSt Sync="TRUE">20220415</mdDateSt></metadata>
